domanda;varianti;risposta;categoria;fonte_titolo;fonte_url;scade_il
Perché affittare a Padova nel 2026?;;Mettere in locazione un immobile a Padova nel 2026 può avere senso se volete reddito ricorrente senza vendere l'asset, se attendete condizioni di mercato migliori per la compravendita o se mantenete il patrimonio per successione futura. Padova combina domanda strutturata da università (oltre 60.000 studenti nel sistema ateneo), ospedali e sanità, pendolari verso Mestre, Vicenza e la logistica veneta — senza che serva inventare percentuali di rendimento per;affitto;Affittare casa Padova 2026: guida proprietarioPercorso locazione proprietario Padova — timeline in 6;https://righettoimmobiliare.it/blog-affittare-casa-padova-proprietario-2026;
Qual è il contesto degli affitti Limena nel 2026?;;Limena (circa 8.700 abitanti) si colloca a nord-ovest di Padova, lungo assi viari che collegano il capoluogo a Vigonza, Camposampiero e l'hinterland veneto. La domanda locativa qui non replica quella «da campus» del centro universitario padovano: prevale la famiglia che cerca un trilocale con box, o il pendolare che accetta dieci minuti in auto per avere un canone più sostenibile rispetto a Prato della Valle o al Sacro Cuore. Per inquadrare il mercato residenziale complessivo del comune — vendita inclusa — rimandiamo al report mercato immobiliare Limena 2026 e al confronto Limena vs Padova;affitto;Affitti Limena 2026: Canoni, Quartieri e Guida Completa;https://righettoimmobiliare.it/blog-affitti-limena-2026;
Perché Limena attira inquilini oltre al prezzo?;;Oltre al canone, contano servizi (scuole, supermercati, farmacie), la vicinanza al Centro commerciale Limena, collegamenti SR308/SR516 verso Padova e la percezione di sicurezza residenziale. Molti inquilini arrivano da passaparola di colleghi che lavorano nelle aree produttive tra Limena, Vigodarzere e Cadoneghe. L'appartamento affitto Limena ben posizionato — piano terra con giardino o ultimo con terrazzo — esce dal mercato in poche settimane se APE, contratto e referenze sono in;affitto;Affitti Limena 2026: Canoni, Quartieri e Guida Completa;https://righettoimmobiliare.it/blog-affitti-limena-2026;
Dove trovo le quotazioni ufficiali OMI per gli affitti Limena?;;L'OMI pubblica, per ogni comune, fasce minimo-medio-massimo separate per locazione e per stato dell'immobile (normale, ottimo, ecc.). Per Limena dovete aprire il portale quotazioni immobiliari ADE, selezionare il comune, la tipologia (abitazione civile, villetta, ecc.) e la finalità locazione. Il PDF o l'export Excel riportano valori semestrali aggiornati: sono riferimenti statistici, non il canone certo del vostro terzo piano con vista;affitto;Affitti Limena 2026: Canoni, Quartieri e Guida Completa;https://righettoimmobiliare.it/blog-affitti-limena-2026;
Panoramica mercato affitti Padova 2026: crescita strutturale dei canoni?;;I canoni di locazione nel capoluogo euganeo nel primo trimestre 2026 sono cresciuti in media del +8% rispetto allo stesso periodo del 2025. Non si tratta di un picco temporaneo, ma di una tendenza strutturale che prosegue da quattro anni consecutivi. Il dato e' confermato sia dalle rilevazioni dell'Osservatorio del Mercato Immobiliare (OMI) dell'Agenzia delle Entrate, sia dall'analisi interna delle locazioni gestite dalla nostra;affitto;Affitti Padova 2026: Canoni in Crescita del +8%, Zone e Previsioni;https://righettoimmobiliare.it/blog-affitti-padova-canoni-2026;
Canoni di affitto per zona e tipologia — Padova 2026?;;I canoni di locazione in citta' nel 2026 variano significativamente in base alla zona e alla tipologia dell'immobile. Il centro storico e la zona universitaria registrano i valori piu' elevati, mentre la prima cintura urbana offre canoni piu' accessibili con buona qualita' della;affitto;Affitti Padova 2026: Canoni in Crescita del +8%, Zone e Previsioni;https://righettoimmobiliare.it/blog-affitti-padova-canoni-2026;
Domanda studentesca: 60.000 iscritti, offerta insufficiente?;;L'Universita' di Padova conta oltre 60.000 studenti iscritti nel 2026, confermandosi tra i primi cinque atenei italiani per numero di immatricolazioni. Di questi, circa il 65% proviene da fuori provincia e necessita di un alloggio in citta'. L'ESU (Ente per il Diritto allo Studio) dispone di circa 2.500 posti letto in residenze universitarie — una copertura inferiore al 7% della;affitto;Affitti Padova 2026: Canoni in Crescita del +8%, Zone e Previsioni;https://righettoimmobiliare.it/blog-affitti-padova-canoni-2026;
Perché settembre cambia tutto per chi affitta?;;Ogni settembre a Padova migliaia di studenti fuori sede cercano stanza o monolocale: per chi affitta, è il momento in cui annunci, visite e contratti si concentrano in poche settimane. Non è solo «alta stagione»: cambiano tempi di risposta, tipo di inquilino richiesto, clausole del contratto e rischio di scelte affrettate. Questa guida è scritta per il proprietario che vuole orientarsi senza farsi sorprendere dal picco;affitto;Affitti studenti Padova settembre 2026Anno accademico — finestre operativeDomanda studentesca per ar;https://righettoimmobiliare.it/blog-affitti-studenti-settembre-padova-proprietario-2026;
Il mercato delle locazioni temporanee nel Padovano nel 2026: numeri e tendenze?;;Il capoluogo euganeo conta circa 1.800 annunci attivi su piattaforme di locazione turistica nel primo trimestre 2026, il 22% in piu' rispetto al 2024. La citta' si sta affermando come destinazione di rilievo nel Veneto, complementare a Venezia e Verona, con un'offerta culturale e gastronomica che attira un numero crescente di visitatori nazionali e;affitto;Affitto Breve a Padova 2026: Rendimenti, Regole e Opportunità;https://righettoimmobiliare.it/blog-affitto-breve-padova-2026;
Rendimenti per zona: dove conviene la locazione temporanea nel Padovano?;;I rendimenti delle locazioni temporanee nel capoluogo euganeo nel 2026 variano significativamente in base alla posizione dell'immobile. Le zone centrali e turistiche offrono rendimenti lordi tra l'8% e il 10%, mentre le aree periferiche non giustificano l'investimento in short-term;affitto;Affitto Breve a Padova 2026: Rendimenti, Regole e Opportunità;https://righettoimmobiliare.it/blog-affitto-breve-padova-2026;
Locazione temporanea vs contratto lungo nel Padovano: confronto rendimenti netti?;;Il confronto tra locazione temporanea e contratto lungo e' la domanda piu' frequente che riceviamo dai proprietari padovani nel 2026. La risposta dipende dalla zona, dal tipo di immobile e dalla disponibilita' di tempo del proprietario. Ecco un confronto concreto per un bilocale di 55 mq in centro storico (valore di mercato: 180.000;affitto;Affitto Breve a Padova 2026: Rendimenti, Regole e Opportunità;https://righettoimmobiliare.it/blog-affitto-breve-padova-2026;
Le zone migliori per studenti nel territorio?;;La scelta della zona dipende dalla facolta' frequentata, dal budget e dallo stile di vita. Padova e' una citta' compatta: in bicicletta si attraversa in 20 minuti. Tuttavia, vivere vicino alla propria sede universitaria fa la differenza, soprattutto d'inverno. Ecco le zone piu' richieste dagli;affitto;Affitto Studenti Padova 2026: Zone, Prezzi e Guida Completa;https://righettoimmobiliare.it/blog-affitto-studenti-padova;
Prezzi della locazione universitaria nel 2026?;;I canoni per studenti nel capoluogo euganeo nel 2026 hanno registrato un aumento medio dell'8% rispetto al 2025, trainati dalla forte domanda e dall'offerta limitata di alloggi in buone condizioni. Ecco il quadro;affitto;Affitto Studenti Padova 2026: Zone, Prezzi e Guida Completa;https://righettoimmobiliare.it/blog-affitto-studenti-padova;
Cerchi un alloggio nel capoluogo euganeo?;;Sfoglia gli immobili disponibili sul nostro sito oppure contattaci per una consulenza gratuita. Gestiamo locazioni per studenti e proprietari con un approccio orientato alle tue;affitto;Affitto Studenti Padova 2026: Zone, Prezzi e Guida Completa;https://righettoimmobiliare.it/blog-affitto-studenti-padova;
Qual è la base normativa dell'affitto transitorio?;;Il contratto per uso transitorio è disciplinato dall'articolo 2 della legge 431/1998 (disciplina delle locazioni abitative). Si tratta di un regime derogatorio rispetto alla locazione ordinaria: la durata è prefissata e limitata, e la legge richiede che locatore e conduttore abbiano esigenze transitorie comprovate. Non si applica la proroga tacita tipica del contratto 4+4: alla data di scadenza il rapporto si estingue salvo nuovo;affitto;Affitto Transitorio Padova 2026: Durata, Requisiti e Guida Completa;https://righettoimmobiliare.it/blog-affitto-transitorio-padova-durata-2026;
Perché esiste un regime separato dal 4+4?;;Il legislatore ha riconosciuto che non tutte le esigenze abitative durano anni. Trasferimenti professionali, percorsi formativi brevi o sostituzioni temporanee dell'alloggio principale giustificano locazioni più corte, con canone negoziato liberamente (salvo accordi diversi) e senza vincoli del canone concordato. L'equilibrio è tutelare flessibilità senza eludere la protezione dell'inquilino stabile: per questo servono motivazioni documentate e durata massima di diciotto;affitto;Affitto Transitorio Padova 2026: Durata, Requisiti e Guida Completa;https://righettoimmobiliare.it/blog-affitto-transitorio-padova-durata-2026;
Quanto dura l'affitto transitorio: da 1 a 18 mesi?;;"La durata minima è di un mese; la massima di diciotto mesi. Nel contratto le date devono essere esplicite: «dal … al …». Non è possibile stipulare un transitorio «a tempo indeterminato» né aggirare il limite con rinnovi automatici identici — l'Amministrazione finanziaria e il giudice possono riqualificare abusi in locazione";affitto;Affitto Transitorio Padova 2026: Durata, Requisiti e Guida Completa;https://righettoimmobiliare.it/blog-affitto-transitorio-padova-durata-2026;
Perché il team è radicato a Limena?;;Risposta breve: Righetto ha sede in Via Roma 96 a Limena, opera dal 2000 su Padova e hinterland con oltre 350 immobili gestiti in 101 comuni, 127 recensioni Google con media 4,9/5 e 98% di clienti soddisfatti. Offre valutazione gratuita, tour 360°, visite live, chatbot Linda e strumenti digitali (alert ricerca, confronto immobili) sul catalogo;territorio;Agenzia immobiliare Limena: Guida scelta 2026;https://righettoimmobiliare.it/blog-agenzia-immobiliare-limena-come-scegliere-2026;
Cosa osservare quando visitate la sede dell'agenzia?;;Risposta breve: In sede verificate ordine, trasparenza su mandati tipo, presenza di materiali marketing reali (non solo brochure generiche) e disponibilità a spiegare passo per passo il percorso vendita o acquisto. Un ufficio che rifiuta appuntamenti o non mostra esempi di lavoro svolto in Limena merita;territorio;Agenzia immobiliare Limena: Guida scelta 2026;https://righettoimmobiliare.it/blog-agenzia-immobiliare-limena-come-scegliere-2026;
Cosa misuriamo davvero: tempi e chiarezza?;;Un servizio di fascia alta si giudica da tempi di risposta realistici, da trasparenza sui passaggi (visita, controproposta, documenti) e da capacità di prevenire errori catastali o urbanistici prima del compromesso. Non misuriamo il valore con slogan su «disponibilità infinita», ma con processi ripetibili e feedback scritti dopo le;blog;Cosa distingue un'agenzia locale di alto livello: risposte…;https://righettoimmobiliare.it/blog-agenzia-immobiliare-top-servizi-padova-2026;
Cos'e' il bonus prima abitazione e chi ne ha diritto?;;Il regime agevolato per la prima abitazione riduce significativamente le imposte dovute al momento dell'acquisto dell'immobile destinato a residenza. E' regolato dalla Nota II-bis all'articolo 1 della Tariffa, Parte Prima, del DPR 131/1986 (Testo Unico dell'imposta di registro) e si applica a tutti gli acquirenti — persone fisiche — che rispettano determinati;fiscale;Agevolazioni Prima Casa 2026: Bonus e Requisiti;https://righettoimmobiliare.it/blog-agevolazioni-prima-casa-2026;
Imposte ridotte: confronto con e senza benefici fiscali?;;Il vantaggio economico degli incentivi fiscali per l'acquisto agevolato e' immediato e misurabile. Le imposte si pagano al momento del rogito e la differenza tra regime ordinario e regime agevolato e' sostanziale. Vediamo il confronto;fiscale;Agevolazioni Prima Casa 2026: Bonus e Requisiti;https://righettoimmobiliare.it/blog-agevolazioni-prima-casa-2026;
Bonus Under 36 nel 2026: cosa e' cambiato?;;Il bonus under 36 per l'acquisto della prima abitazione, introdotto dal Decreto Sostegni bis (DL 73/2021), prevedeva incentivi ancora piu' ampi per i giovani acquirenti. Ecco lo stato attuale nel;fiscale;Agevolazioni Prima Casa 2026: Bonus e Requisiti;https://righettoimmobiliare.it/blog-agevolazioni-prima-casa-2026;
Cos'e' l'APE e quando e' obbligatorio?;;L'Attestato di Prestazione Energetica descrive prestazione termica ed energetica dell'edificio o dell'unita'. In compravendita e locazione e' richiesto in molte fattispecie: la mancanza o l'obsolescenza possono bloccare trattative o far slittare i tempi. Verificate sempre data, firma del certificatore e coerenza con interventi edilizi;documenti;APE e prestazione energetica nell'acquisto di casa nel Padovano…;https://righettoimmobiliare.it/blog-ape-prestazione-energetica-acquisto-padova-2026;
Quali indici tecnici leggete oltre alla lettera di classe?;;Oltre alla classe, guardate indici di prestazione riportati nell'attestato, la presenza di impianti a fonti rinnovabili, isolamenti, infissi e ventilazione. Un immobile in classe apparentemente alta ma con involucro datato puo' non corrispondere alle aspettative di;documenti;APE e prestazione energetica nell'acquisto di casa nel Padovano…;https://righettoimmobiliare.it/blog-ape-prestazione-energetica-acquisto-padova-2026;
Come verificate la coerenza tra APE e stato dell'immobile?;;Incrociate ape con visure, titoli edilizi per interventi su involucro e impianti, e sopralluogo. Se sono stati fatti lavori rilevanti senza aggiornamento dell'attestato, chiedete revisione al certificatore prima del;documenti;APE e prestazione energetica nell'acquisto di casa nel Padovano…;https://righettoimmobiliare.it/blog-ape-prestazione-energetica-acquisto-padova-2026;
Come leggere le zone OMI B1 e R1 a Limena?;;L'Osservatorio del Mercato Immobiliare dell'Agenzia delle Entrate suddivide ogni comune in zone omogenee con fasce minimo, medio e massimo per tipologia e finalità (vendita o locazione). A Limena troverete designazioni come B1 (aree centrali/servite) e R1 (residenziale diffusa): non sono ranking di qualità assoluta, ma classificazioni statistiche per comparabili. Consultate il portale OMI quotazioni immobiliari selezionando il comune, il semestre vigente e la tipologia;acquisto;Appartamento Limena: Guida acquisto 2026Lettura fasce OMI Limena — confronto qualitativo zone B1 e R;https://righettoimmobiliare.it/blog-appartamento-limena-guida-acquisto-2026;
Perché la classe energetica conta nell'acquisto?;;Un appartamento in classe A (o B) riduce i costi di bolletta e migliora l'accesso al mutuo verde, ma il premium di prezzo va giustificato con APE valido, interventi documentati e confronto con comparabili classe inferiore nella stessa zona OMI. In cintura, molti edifici anni '80–'90 offrono potenziale di riqualificazione: l'acquirente deve stimare investimento futuro oltre il prezzo;acquisto;Appartamento Limena: Guida acquisto 2026Lettura fasce OMI Limena — confronto qualitativo zone B1 e R;https://righettoimmobiliare.it/blog-appartamento-limena-guida-acquisto-2026;
Come confrontare annunci senza confronti falsi?;;Filtrate per metratura commerciale ±10%, stessa tipologia (bilocale/trilocale), pertinenze simili e zona OMI comparabile. Un trilocale ristrutturato con box non si confronta con un bilocale al primo piano senza ascensore. Incrociate prezzo richiesto con fascia OMI e chiedete motivazione scritta del listino al venditore o;acquisto;Appartamento Limena: Guida acquisto 2026Lettura fasce OMI Limena — confronto qualitativo zone B1 e R;https://righettoimmobiliare.it/blog-appartamento-limena-guida-acquisto-2026;
Perche' scegliere un immobile di recente edificazione in questa zona?;;Un edificio di nuova realizzazione in classe A4 a Limena rappresenta oggi una delle scelte piu' intelligenti per chi cerca casa nella provincia di Padova. Il comune offre tutti i servizi essenziali — scuole, supermercati, farmacie, impianti sportivi — mantenendo un'atmosfera residenziale tranquilla e a misura di;territorio;Appartamento Nuova Costruzione Limena: 101 mq Classe A4;https://righettoimmobiliare.it/blog-appartamento-nuova-costruzione-limena;
Lo scoperto esclusivo: 310 mq di verde privato?;;Il vero fiore all'occhiello di questa proprieta' e' lo scoperto di 310 mq: un giardino di dimensioni eccezionali, ideale;territorio;Appartamento Nuova Costruzione Limena: 101 mq Classe A4;https://righettoimmobiliare.it/blog-appartamento-nuova-costruzione-limena;
Massima efficienza energetica: cosa significa per le tue bollette?;;La classe energetica A4 e' la massima prevista dalla normativa italiana. Acquistare un immobile con questa certificazione;territorio;Appartamento Nuova Costruzione Limena: 101 mq Classe A4;https://righettoimmobiliare.it/blog-appartamento-nuova-costruzione-limena;
Perché aggiornare le simulazioni padovane?;;L'articolo mutui casa Padova 2026 rifletteva un momento di tassi più bassi, non più allineato a giugno 2026. Acquirenti che avevano pre-approvazioni primaverili devono chiedere aggiornamento delibera: spread, Eurirs e TAEG sono cambiati. in provincia, con mutuo al 47,8% delle compravendite ADE Q1, la rata pesa sulla trattativa;mutui;BCE giugno 2026: Euribor e mutui nel Padovano;https://righettoimmobiliare.it/blog-bce-tassi-mutui-giugno-2026-padova;
Chi sceglie il bilocale e chi il trilocale?;;Bilocale: coppie, single, coppie senza figli, investitori locazione a inquilini giovani. Trilocale: famiglie con uno o due figli, coppie con studio permanente, genitori ospiti frequenti. A Limena il trilocale con giardino o terrazzo ha domanda familiare;territorio;Bilocale trilocale Limena: Scelta 2026;https://righettoimmobiliare.it/blog-bilocale-trilocale-limena-scelta-2026;
Cos'e' una bolla immobiliare: definizione e indicatori tecnici?;;Un eccesso speculativo nel comparto immobiliare si verifica quando i prezzi delle case crescono in modo insostenibile, alimentati da speculazione e credito facile anziche' da fondamentali economici reali. La bolla scoppia quando il divario tra prezzi e valore intrinseco diventa insostenibile, causando un crollo rapido e;territorio;Bolla Immobiliare nel Padovano nel 2026? Analisi dei Rischi Reali;https://righettoimmobiliare.it/blog-bolla-immobiliare-padova-2026;
Confronto Padova 2026 vs Padova 2008: due mercati diversi?;;Il confronto tra il mercato immobiliare padovano nel 2026 e quello del pre-crisi 2008 evidenzia differenze strutturali profonde che rendono improbabile una ripetizione dello scenario di;territorio;Bolla Immobiliare nel Padovano nel 2026? Analisi dei Rischi Reali;https://righettoimmobiliare.it/blog-bolla-immobiliare-padova-2026;
Vuoi sapere il valore reale del tuo immobile nel Padovano?;Vuoi conoscere il valore del tuo immobile nel Padovano?;In un mercato in transizione, conoscere il vero valore del proprio immobile e' fondamentale. Richiedi una valutazione gratuita basata sui dati delle transazioni reali nella tua;territorio;Bolla Immobiliare nel Padovano nel 2026? Analisi dei Rischi Reali;https://righettoimmobiliare.it/blog-bolla-immobiliare-padova-2026;
Perché parliamo di «addio» parziale ai bonus?;;Non scompare tutto overnight: cambiano convenienza marginale e plafond. Il Ministero dell’Economia, nel lavoro sulla spesa fiscale (focus MEF), evidenzia centinaia di misure — molte micro — e concentra i tagli dove il costo per lo Stato è maggiore, inclusi i bonus edilizi;fiscale;Bonus casa 2027: calendario detrazioni PadovaPrima casa — aliquota indicativaMassimale detraibile (i;https://righettoimmobiliare.it/blog-bonus-casa-2027-detrazioni-padova;
Cosa significa per venditori nel Padovano?;;Anticipare lavori al 2026 può massimizzare aliquota e tetto rispetto al 2028. Chi mette in vendita immobile ristrutturato deve allineare APE, compliance urbanistica e prezzo a comparables OMI (portale OMI), non al valore teorico delle;fiscale;Bonus casa 2027: calendario detrazioni PadovaPrima casa — aliquota indicativaMassimale detraibile (i;https://righettoimmobiliare.it/blog-bonus-casa-2027-detrazioni-padova;
Perché non copiamo articoli di siti fiscali o edilizia?;;Prima di firmare un preventivo da cinque cifre, molti clienti ci chiedono se «conviene aspettare il 2027»: la risposta dipende da aliquota, plafond, capienza IRPEF e dal premio di prezzo atteso sul mercato padovano — non da un titolo;fiscale;Bonus casa 2027: calendario detrazioni PadovaPrima casa — aliquota indicativaMassimale detraibile (i;https://righettoimmobiliare.it/blog-bonus-casa-2027-detrazioni-padova;
Cosa cambia con la Legge di Bilancio 2026?;;La Legge 30 dicembre 2025, n. 199 (Legge di Bilancio 2026), pubblicata in Gazzetta Ufficiale n. 301 del 30 dicembre 2025, conferma un sistema di bonus edilizi «ordinari» più stabile rispetto al biennio del superbonus. Restano attivi il bonus ristrutturazioni (art. 16-bis TUIR), l'ecobonus (art. 14 D.L. 63/2013) e il sismabonus (art. 16 D.L. 63/2013), con due aliquote differenziate già applicate nel 2025 e prorogate per tutto il 2026. Per chi possiede o acquista un immobile a Padova, in Limena o nei 101 comuni del nostro raggio operativo, la scelta tra ristrutturare prima della vendita o subito dopo l'acquisto passa da queste percentuali, dai massimali e dagli obblighi documentali — non da…;fiscale;Bonus edilizi 2026 Padova: detrazioni 50% e ecobonus;https://righettoimmobiliare.it/blog-bonus-edilizi-2026-incentivi-casa-padova;
Cosa non c'è più nel 2026?;;Chi aveva pianificato lavori «in stile superbonus» deve ricalibrare su detrazioni ordinarie e tempi di detrazione in 10 anni, non su crediti;fiscale;Bonus edilizi 2026 Padova: detrazioni 50% e ecobonus;https://righettoimmobiliare.it/blog-bonus-edilizi-2026-incentivi-casa-padova;
Perché il 75% barriere non è prorogato?;;La manovra 2026 concentra risorse su bonus ordinari già strutturati e su efficientamento, lasciando cadere la misura più generosa per eliminazione barriere architettoniche. Non significa che l’accessibilità sia irrilevante sul mercato padovano: significa che il costo dell’adeguamento grava interamente sul proprietario. In trattativa, un bagno non accessibile in piano alto senza ascensore può ridurre il bacino acquirenti — effetto prezzo da valutazione, non da;fiscale;Bonus mobili 2026 e barriere architettoniche2026 — due misure a confrontoPriorità percepibilità vs c;https://righettoimmobiliare.it/blog-bonus-mobili-barriere-architettoniche-2026-padova;
Come usiamo spunti web senza copiare?;;Articoli comparativi su bonus mobili e fine barriere architettoniche aiutano a capire il tema ma spesso mescolano misure diverse in un unico titolo clickbait. Righetto separa bonus mobili 50%, stop 75% barriere e bonus ristrutturazioni ordinario, verificando ogni voce su GU e AdE. Il testo che leggete è scritto per proprietari padovani che devono decidere se investire in accessibilità a costo pieno o puntare su arredo e finiture detraibili collegate al cantiere — non è un riassunto di siti;fiscale;Bonus mobili 2026 e barriere architettoniche2026 — due misure a confrontoPriorità percepibilità vs c;https://righettoimmobiliare.it/blog-bonus-mobili-barriere-architettoniche-2026-padova;
Da capannoni industriali a polo turistico: la trasformazione?;;L'area di Ca' Marcello si trovava in una posizione strategica nel cuore della terraferma veneziana, compresa tra via Ca' Marcello, la linea ferroviaria e il cavalcavia. Per decenni era stata occupata da capannoni industriali in disuso, un paesaggio degradato che rappresentava una ferita urbana in pieno;blog;Ca' Marcello Mestre: Hub Turistico da 70 Milioni;https://righettoimmobiliare.it/blog-ca-marcello-mestre;
L'offerta ricettiva: 4 hotel e 2.000 posti letto?;;Il cuore del complesso e' costituito da quattro hotel e un ostello, per un totale di circa 2.000 posti letto. La struttura di punta e' il Leonardo Royal Venice Mestre, un 4 stelle superior con 244 camere che ha rapidamente scalato le classifiche di gradimento su tutte le principali piattaforme di;blog;Ca' Marcello Mestre: Hub Turistico da 70 Milioni;https://righettoimmobiliare.it/blog-ca-marcello-mestre;
Servizi e infrastrutture: molto piu' di un polo alberghiero?;;Cio' che distingue il progetto da un semplice insediamento ricettivo e' l'attenzione ai servizi pubblici e alla vivibilita';blog;Ca' Marcello Mestre: Hub Turistico da 70 Milioni;https://righettoimmobiliare.it/blog-ca-marcello-mestre;
Cos'è il canone concordato e come differisce dal 4+4 libero?;;Il canone concordato (durata 3+2 anni) fissa il canone entro minimi e massimi definiti dall'accordo territoriale del Comune di Padova e delle organizzazioni firmatarie. Il contratto 4+4 a canone libero lascia maggiore libertà negoziale ma fiscalità meno agevolata per il;fiscale;Canone concordato Padova 2026: guidaCanone concordato Padova: zone e fasce (schema)Cedolare secca: c;https://righettoimmobiliare.it/blog-canone-concordato-padova-guida-2026;
Come si leggono le fasce a Padova?;;L'accordo suddivide Padova in zone omogenee (centro, semicentro, periferia) con fasce €/mq legate a tipologia, stato manutenzione e servizi. L'attestazione di conformità del canone passa da organizzazioni sindacali aderenti — tempistica da pianificare prima della;fiscale;Canone concordato Padova 2026: guidaCanone concordato Padova: zone e fasce (schema)Cedolare secca: c;https://righettoimmobiliare.it/blog-canone-concordato-padova-guida-2026;
Padova centro vs Limena: stesso accordo?;;Molti inquilini pendolari valutano Limena per metrature e canone. Verificare se il comune aderisce alle stesse fasce o a accorpamenti provinciali — consultare testo accordo e pagina zona Limena. Righetto coordina locazioni su Padova e 101 comuni dal;fiscale;Canone concordato Padova 2026: guidaCanone concordato Padova: zone e fasce (schema)Cedolare secca: c;https://righettoimmobiliare.it/blog-canone-concordato-padova-guida-2026;
Cos'e' la caparra confirmatoria?;;"La caparra confirmatoria e' una somma di denaro che il compratore versa al proprietario al momento della firma del contratto preliminare di compravendita (il cosiddetto ""compromesso""). E' disciplinata dall'Art. 1385 del Codice Civile e ha una doppia funzione: confermare l'impegno delle parti e garantire il risarcimento in caso di";vendita;Caparra Confirmatoria: Guida Completa Compravendita Padova;https://righettoimmobiliare.it/blog-caparra-confirmatoria-padova;
Perche' il deposito vincolante e' meglio dell'acconto?;;Se versate un acconto di 20.000 € e il proprietario si ritira, l'acconto vi viene restituito ma dovete andare in causa per ottenere il risarcimento del danno. Con la garanzia economica ex Art. 1385, avete diritto automaticamente a 40.000 € (il doppio) senza dover dimostrare nulla. La differenza e';vendita;Caparra Confirmatoria: Guida Completa Compravendita Padova;https://righettoimmobiliare.it/blog-caparra-confirmatoria-padova;
Quanto versare come anticipo contrattuale nel Padovano?;;Non esiste un importo obbligatorio per legge. L'ammontare del deposito vincolante e' libero e viene concordato tra le parti. Tuttavia, la prassi di mercato nel territorio patavino si e' consolidata su percentuali ben;vendita;Caparra Confirmatoria: Guida Completa Compravendita Padova;https://righettoimmobiliare.it/blog-caparra-confirmatoria-padova;
Cosa dicono CNA Padova e i portali nel 2026?;;La CNA Padova ha evidenziato un incremento degli affitti del +43% tra il 2019 e il 2025 nel territorio provinciale. Per un bilocale da circa 70 mq il riferimento indicativo è intorno a 1.090 euro al mese — ordine di grandezza da incrociare con le fasce OMI locazione del semestre ADE in corso, non da copiare come prezzo della singola;affitto;Caro affitti Padova 2026: guida under 35Trend affitti Padova 2019-2025 — CNA +43%Rapporto canone vs ;https://righettoimmobiliare.it/blog-caro-affitti-padova-under-35-guida-2026;
Come confrontare affitto e stipendio se hai meno di 35 anni?;;"La regola prudenziale usata da molti consulenti prevede un canone massimo del 30-35% del reddito netto mensile. Con 1.400 euro netti, 490 euro di affitto consumano il tetto; un bilocale a 1.090 euro richiede due redditi o spostamento verso zone più";affitto;Caro affitti Padova 2026: guida under 35Trend affitti Padova 2019-2025 — CNA +43%Rapporto canone vs ;https://righettoimmobiliare.it/blog-caro-affitti-padova-under-35-guida-2026;
Quali zone e alternative per abbassare il canone?;;Il centro storico e le aree universitarie (Portello, Via VIII Febbraio, Arcella) mantengono domanda elevata. Gli under 35 spesso spostano la ricerca verso Sacro Cuore, Ponte di Brenta, Chirignago o la prima cintura — Limena, Rubano, Vigodarzere — dove il canone per metro quadro può essere più sostenibile a parità di;affitto;Caro affitti Padova 2026: guida under 35Trend affitti Padova 2019-2025 — CNA +43%Rapporto canone vs ;https://righettoimmobiliare.it/blog-caro-affitti-padova-under-35-guida-2026;
Vendibile sì, ma a che prezzo?;;La tua casa sarà assolutamente vendibile tra 5 anni. Tuttavia, il suo valore dipenderà molto da due fattori chiave: le prestazioni energetiche dell'immobile — spinte dalle normative europee sulle «case green» — e la posizione geografica. Nelle aree più richieste i prezzi tenderanno a rimanere stabili o in crescita. È la sintesi che traiamo dalla pratica quotidiana in agenzia, incrociata con i dati istituzionali disponibili e con le dinamiche che già oggi vediamo in trattativa a Padova e;documenti;Casa vendibile tra 5 anni a Padova: APE e posizione;https://righettoimmobiliare.it/blog-casa-vendibile-5-anni-case-green-padova-2026;
Cosa sta cambiando nel mercato immobiliare?;;Il Report FIAIP Monitora Italia 2025, elaborato dal Centro Studi FIAIP con ENEA e I-Com e presentato al Senato, ha messo in evidenza per la prima volta in modo sistematico il peso della classe energetica sul valore percepito degli immobili. In parallelo, CRIF Real Estate Services ha analizzato a giugno 2025 una quota rappresentativa di unità oggetto di perizia mutuo in Italia, quantificando divari di prezzo al metro quadro tra immobili «green» (classi A–B) e «brown»;documenti;Casa vendibile tra 5 anni a Padova: APE e posizione;https://righettoimmobiliare.it/blog-casa-vendibile-5-anni-case-green-padova-2026;
Quali case si vendono di più in Italia?;;Il Rapporto Immobiliare 2025 dell'Osservatorio del Mercato Immobiliare (OMI) dell'Agenzia delle Entrate, basato sui consuntivi 2024, registra 719.578 abitazioni compravendute a livello nazionale, con una crescita dell'1,3% rispetto al 2023. La distribuzione per superficie mostra che il segmento tra 50 e 85 metri quadri concentra la maggiore intensità di mercato (IMI) in tutte le aree geografiche — la fascia che corrisponde, in pratica, a bilocali e trilocali nelle città medio-piccole e alle prime case delle;territorio;Case più vendute a Padova: tipologie e metrature 2026;https://righettoimmobiliare.it/blog-case-piu-vendute-tipologie-padova-2026;
Cosa dicono gli agenti FIAA nel 2026?;;Il Sentiment FIMAA Italia-Confcommercio relativo al primo quadrimestre 2026, riportato da fonti come Sky TG24, prevede compravendite in crescita tra l'1% e l'1,5% e prezzi in aumento di circa il 2%, con transazioni che potrebbero superare le 770.000 registrate nel 2025. Gli operatori segnalano carenza di prodotto nuovo o rigenerato e una domanda spostata verso soluzioni flessibili, costi di gestione contenuti e servizi;territorio;Case più vendute a Padova: tipologie e metrature 2026;https://righettoimmobiliare.it/blog-case-piu-vendute-tipologie-padova-2026;
Cosa ha detto (e non detto) Elon Musk?;;Nel giugno 2021 Elon Musk ha scritto su X di avere come «primary home» una casa da circa 50.000 $ a Boca Chica/Starbase (Texas), affittata da SpaceX — definendola «kinda awesome». Report successivi (Fortune, Gulf News, fact-check The Cool Down) collegano quell'unità al mondo delle tiny house prefabbricate, spesso identificate come modulo Boxabl Casita (~20×20 piedi, ~361–400;blog;Case prefabbricate: futuro secondo Musk? Guida 2026Moduli prefabbricati — schema isometrico editoria;https://righettoimmobiliare.it/blog-case-prefabbricate-futuro-elon-musk-2026;
Outlook 2026–2030: «futuro» sì, ma quale?;;Previsione (analisi Righetto, settembre 2026): la prefabbricazione crescerà in Italia come componente dell'offerta (industrializzazione, riqualificazione, emergenze abitative, studentati), non come sostituto totale del mattone padovano. La narrativa Musk/Boxabl accelera curiosità e traffico web, ma non semplifica permessi comunali né crea comparabili OMI;blog;Case prefabbricate: futuro secondo Musk? Guida 2026Moduli prefabbricati — schema isometrico editoria;https://righettoimmobiliare.it/blog-case-prefabbricate-futuro-elon-musk-2026;
Terreno o progetto in Veneto?;;Valutiamo edificabilità, comparabili OMI e percorso mutuo — Via Roma 96,;blog;Case prefabbricate: futuro secondo Musk? Guida 2026Moduli prefabbricati — schema isometrico editoria;https://righettoimmobiliare.it/blog-case-prefabbricate-futuro-elon-musk-2026;
Panoramica del mercato immobiliare della provincia nel 2026?;;Il mercato immobiliare del territorio nel 2026 e' caratterizzato da una domanda sostenuta e da un'offerta in lieve contrazione, soprattutto per gli immobili ristrutturati in classe energetica alta. I fattori principali che guidano il mercato sono;vendita;Case in Vendita Padova 2026: Prezzi, Zone e Guida Esperta;https://righettoimmobiliare.it/blog-case-vendita-padova;
Quanto costa un immobile nel Padovano? Prezzi al mq aggiornati al 2026?;;I prezzi delle proprieta' disponibili all'acquisto nel territorio patavino nel 2026 variano significativamente in base alla zona, allo stato dell'immobile e alla classe energetica. La tabella seguente riporta i valori medi al metro quadro per le principali aree, basati sui dati OMI dell'Agenzia delle Entrate e sulle transazioni effettive da noi;vendita;Case in Vendita Padova 2026: Prezzi, Zone e Guida Esperta;https://righettoimmobiliare.it/blog-case-vendita-padova;
Dove trovare la proprieta' ideale? Le zone migliori del Padovano?;;Le zone migliori per acquistare un immobile nel capoluogo euganeo dipendono dalle esigenze dell'acquirente: budget, stile di vita, vicinanza al lavoro e prospettive di rivalutazione. Ecco le aree che nel 2026 offrono il miglior equilibrio tra qualita' della vita e valore;vendita;Case in Vendita Padova 2026: Prezzi, Zone e Guida Esperta;https://righettoimmobiliare.it/blog-case-vendita-padova;
Contratto: tipologia e obblighi?;;Chiedete sempre copia integrale prima della firma. Verificate durata, modalità di recesso, manutenzioni ordinarie/straordinarie e regole su sublocazione. Per il quadro generale dei canoni cittadini: affitti Padova canoni;affitto;Checklist affitto per studenti a Padova 2026: contratto, cauzione…;https://righettoimmobiliare.it/blog-checklist-affitto-studenti-padova-2026;
Canone, spese condominiali e utenze?;;Confrontate annunci omogenei (arredato vs semi-vuoto). Chiedete se il riscaldamento è autonomo o centralizzato e come si ripartono le spese. In caso di coabitazione, definite per iscritto le quote tra;affitto;Checklist affitto per studenti a Padova 2026: contratto, cauzione…;https://righettoimmobiliare.it/blog-checklist-affitto-studenti-padova-2026;
Perché verificare prima del compromesso?;;Il compromesso (preliminare) vincola le parti su prezzo, caparra e tempi. Dopo la firma, uscire costa penali. Le checklist di studi tecnici — ispirate a modelli come quelli di Immobiliare Cavallo — vanno adattate al contesto padovano: condominio spesso con straordinarie, centro storico con vincoli, cintura con nuovo e seconda mano;acquisto;Checklist verifiche prima del compromesso a Padova 2026…;https://righettoimmobiliare.it/blog-checklist-verifiche-prima-compromesso-padova-2026;
Cos'è il coliving e perché ne parlano Wired e gli investitori?;;"Il coliving combina camera privata, aree comuni curate e servizi (Wi-Fi, pulizie, talvolta coworking) in struttura gestita da un operatore. Articoli su Wired descrivono startup come Habyt in grandi città; Distretto Casa Investimenti analizza il co-living come asset per investitori. Sono riferimenti informativi sul trend — non catalogo offerte";affitto;Coliving Padova Limena 2026: guida giovaniColiving vs coinquilino vs monolocale — schema costiColivi;https://righettoimmobiliare.it/blog-coliving-padova-limena-giovani-professionisti-2026;
Il contesto immobiliare locale: un mercato “a prova di crisi”?;;Prima di immergerci nei calcoli, e' fondamentale capire il terreno di gioco. Infatti, Padova non e' una metropoli speculativa, ma un ecosistema solido e radicato. La domanda abitativa e' sostenuta da pilastri strutturali che poche citta' italiane di pari dimensioni possono;affitto;Comprare o Affittare Casa nel Padovano? Analisi Dati Reali su 20 Anni;https://righettoimmobiliare.it/blog-comprare-affittare-padova;
I dati che confermano la tenuta del mercato padovano?;;I dati dell'Osservatorio del Mercato Immobiliare (OMI) dell'Agenzia delle Entrate confermano questa tenuta in modo inequivocabile. Nelle zone semicentrali e residenziali ben collegate — come quelle servite dal tram, dalle ciclabili principali o vicine ai caselli autostradali — il valore al metro quadro ha mostrato una crescita moderata ma costante negli ultimi 10 anni, superiore all'inflazione;affitto;Comprare o Affittare Casa nel Padovano? Analisi Dati Reali su 20 Anni;https://righettoimmobiliare.it/blog-comprare-affittare-padova;
Scenario 1: 20 anni in locazione nel capoluogo euganeo. Quanto spendi davvero?;;Innanzitutto, prendiamo come riferimento un appartamento di 85 mq in zona semicentrale — Corso Australia, Guizza o Prato della Valle — perfetto per una famiglia o una coppia. Il canone di locazione per un immobile di questo tipo, arredato con standard medio-alti, si aggira oggi tra i 780 e 950 euro al mese. Per la nostra analisi usiamo una cifra conservativa di 850;affitto;Comprare o Affittare Casa nel Padovano? Analisi Dati Reali su 20 Anni;https://righettoimmobiliare.it/blog-comprare-affittare-padova;
Il mercato immobiliare nel capoluogo euganeo nel 2026: conviene investire?;;La risposta breve e': si', se il vostro orizzonte temporale e' di almeno 7-10 anni. Ecco;acquisto;Comprare Casa nel Padovano nel 2026: Guida Definitiva Passo dopo Passo;https://righettoimmobiliare.it/blog-comprare-casa-padova-guida-2026;
Come definire il budget reale prima di comprare casa (passo 1)?;;Il primo errore che vediamo ripetere e' confondere il prezzo della casa con il budget necessario. Sono due numeri molto diversi. Per acquistare un immobile da 200.000 € servono in realta' circa 225.000-235.000 €. Ecco;acquisto;Comprare Casa nel Padovano nel 2026: Guida Definitiva Passo dopo Passo;https://righettoimmobiliare.it/blog-comprare-casa-padova-guida-2026;
Come ottenere la pre-delibera mutuo e perche conviene (passo 2)?;;La pre-delibera (o delibera condizionata) e' l'approvazione della banca prima ancora che abbiate trovato casa. Indica l'importo massimo che la banca e' disposta a prestarvi, sulla base del vostro reddito e della vostra situazione;mutui;Comprare Casa nel Padovano nel 2026: Guida Definitiva Passo dopo Passo;https://righettoimmobiliare.it/blog-comprare-casa-padova-guida-2026;
Cosa dice il comunicato ADE del 10 giugno 2026?;;L'Agenzia delle Entrate, nel comunicato del 10 giugno 2026, ha pubblicato i dati sulle compravendite immobiliari abitative del primo trimestre 2026. Il quadro nazionale mostra un incremento del 4,4% delle transazioni rispetto al Q1 2025, con circa 180.000 abitazioni trasferite. Non è un boom speculativo: è un segnale di continuità del mercato residenziale dopo mesi di normalizzazione dei tassi e di domanda ancora orientata all'abitazione;acquisto;Compravendite Q1 2026: dati ADE e Padova;https://righettoimmobiliare.it/blog-compravendite-italia-q1-agenzia-entrate-2026-padova;
Lo scenario nazionale: 800.000 transazioni e fatturato record di 170 miliardi?;;Il mercato immobiliare italiano nel 2026 raggiunge numeri che non si vedevano da quasi vent'anni. Le 800.000 compravendite residenziali previste rappresentano un incremento del +3,8% rispetto alle 770.000 del 2025, avvicinandosi al record assoluto di 869.000 transazioni registrato nel 2006 (fonte: Agenzia delle;acquisto;Compravendite Padova 2026: Anno Record;https://righettoimmobiliare.it/blog-compravendite-padova-record-2026;
Focus Padova: +5,5% di transazioni immobiliari, mercato tra i piu' dinamici del Veneto?;;Il capoluogo euganeo nel 2026 registra una crescita dei rogiti del +5,5% rispetto al 2025, superiore alla media nazionale. Il mercato padovano beneficia di una combinazione unica di fattori: la presenza dell'universita' (60.000 studenti), la posizione strategica nel Nord-Est, l'attrattivita' turistica e una qualita' della vita tra le piu' alte;acquisto;Compravendite Padova 2026: Anno Record;https://righettoimmobiliare.it/blog-compravendite-padova-record-2026;
Chi acquista nel Padovano nel 2026: investitori, famiglie e giovani coppie?;;La domanda immobiliare in citta' nel 2026 e' trainata da tre profili di acquirenti distinti, ciascuno con esigenze e budget specifici. L'analisi degli atti di cessione gestiti dalla nostra agenzia nel primo trimestre 2026 rivela una composizione stabile rispetto al;acquisto;Compravendite Padova 2026: Anno Record;https://righettoimmobiliare.it/blog-compravendite-padova-record-2026;
Perché il tema torna in agenda?;;Milioni di immobili in Italia convivono con difformità urbanistiche, planimetrie non aggiornate o interventi storici mai sanati. Ogni tornata di Manovra riaccende il dibattito tra chi chiede «giustizia» per lavori già consolidati e chi teme effetti distorsivi su concorrenza e legalità edilizia. Nel Padovano, dove il mercato è diventato selettivo (vedi prezzi 2026), la regolarità documentale pesa sul prezzo;territorio;Condono edilizio 2026: proposte in Manovra | Guida Padova;https://righettoimmobiliare.it/blog-condono-edilizio-proposte-2026;
Cosa prevederebbe la proposta nazionale (secondo stampa)?;;Secondo ricostruzioni del Sole 24 Ore citate da Sky TG24, un emendamento di maggioranza ipotizzerebbe di includere, tra gli;territorio;Condono edilizio 2026: proposte in Manovra | Guida Padova;https://righettoimmobiliare.it/blog-condono-edilizio-proposte-2026;
Tipologie di accordo di locazione in Italia?;;La legge italiana prevede quattro tipologie principali di contratto di locazione ad uso abitativo, ciascuna con durata, vincoli e vantaggi differenti. Conoscerle e' il primo passo per fare la scelta;affitto;Contratto Affitto Padova 2026: Guida Canone Concordato;https://righettoimmobiliare.it/blog-contratto-affitto-padova;
Il canone concordato in provincia: come funziona?;;Il canone concordato nel territorio e' regolato dall'accordo territoriale stipulato tra le organizzazioni dei proprietari e degli inquilini. Questo accordo suddivide il territorio comunale in zone omogenee e stabilisce, per ciascuna zona, le fasce di canone minimo e massimo al metro quadro;affitto;Contratto Affitto Padova 2026: Guida Canone Concordato;https://righettoimmobiliare.it/blog-contratto-affitto-padova;
Vantaggi fiscali del canone concordato?;;Il contratto a canone concordato offre tre vantaggi fiscali principali che, sommati, rendono questa tipologia estremamente conveniente per il;fiscale;Contratto Affitto Padova 2026: Guida Canone Concordato;https://righettoimmobiliare.it/blog-contratto-affitto-padova;
Perché ragionare a ciclo?;;Molte guide confrontano solo «privato vs costruttore» al momento dell'acquisto. La proprietà immobiliare a Padova si estende su anni: costi fissi annuali, lavori straordinari, eventuale locazione e infine vendita con possibile plusvalenza. Una lettura integrata — come quella proposta da blog immobiliari internazionali adattata al contesto italiano — aiuta a non sottovalutare il costo totale di;acquisto;Costi proprietà immobiliare Padova 2026: acquisto, possesso…;https://righettoimmobiliare.it/blog-costi-proprieta-acquisto-possesso-vendita-padova-2026;
Panoramica: quali sono le spese di compravendita per il venditore?;;Mettere in vendita l'immobile non e' gratis. Anche se il notaio e' a carico dell'acquirente, il venditore ha una serie di oneri che incidono sul 4-8% del prezzo di cessione. Ecco le voci principali, dalla piu' rilevante alla;fiscale;Vendere Casa Padova 2026: Costi, Tasse e Tempi Reali;https://righettoimmobiliare.it/blog-costi-vendere-casa-padova-2026;
La plusvalenza: quando si paga e quando no?;;La tassa di plusvalenza e' lo spauracchio di ogni venditore. Ma nella pratica, la maggior parte dei proprietari padovani non la paga. Ecco come;fiscale;Vendere Casa Padova 2026: Costi, Tasse e Tempi Reali;https://righettoimmobiliare.it/blog-costi-vendere-casa-padova-2026;
Quando SI paga la plusvalenza?;;Se vendete entro 5 anni dall'acquisto un immobile che non e' stato vostra residenza principale (seconda casa, immobile ad uso investimento), pagate il 26% sulla differenza tra prezzo di vendita e prezzo di acquisto, al netto delle spese di ristrutturazione documentate;fiscale;Vendere Casa Padova 2026: Costi, Tasse e Tempi Reali;https://righettoimmobiliare.it/blog-costi-vendere-casa-padova-2026;
Il paradosso 2026: prezzi in salita ma compravendite in calo?;;Il mercato immobiliare italiano nel primo trimestre 2026 mostra una divergenza anomala tra prezzi e volumi di vendita. Secondo i dati ISTAT, i prezzi nominali delle abitazioni sono cresciuti del +3,9% su base annua, mentre le compravendite residenziali registrate dall'OMI dell'Agenzia delle Entrate sono calate del -7,3% rispetto allo stesso periodo del;acquisto;Crisi Immobiliare Padova 2026: Prezzi e Compravendite;https://righettoimmobiliare.it/blog-crisi-immobiliare-padova-2026;
Padova vs media nazionale: la citta' regge meglio?;;Il capoluogo euganeo mostra una resilienza superiore alla media nazionale nel contesto della flessione del mercato 2026. I dati OMI per la provincia indicano un calo delle compravendite piu' contenuto (-4,8%) rispetto al dato nazionale (-7,3%), mentre i prezzi hanno registrato una crescita del +4,2%, leggermente superiore alla media;acquisto;Crisi Immobiliare Padova 2026: Prezzi e Compravendite;https://righettoimmobiliare.it/blog-crisi-immobiliare-padova-2026;
Confronto con il pre-crisi 2007-2008: analogie e differenze?;;Il parallelo con la crisi del 2008 e' inevitabile, ma le differenze sono significative. Nel 2007, l'Italia registrava prezzi ai massimi storici, mutui concessi con criteri lassisti e una bolla speculativa alimentata dal credito facile. Nel 2026 il contesto e' strutturalmente;acquisto;Crisi Immobiliare Padova 2026: Prezzi e Compravendite;https://righettoimmobiliare.it/blog-crisi-immobiliare-padova-2026;
Perché un elenco di errori (e non di consigli generici)?;;Guide lifestyle tipo «dieci cose da non fare» in edilizia spesso mescolano gusto personale e sicurezza. Qui mappiamo errori con costo osservati nel mercato padovano: caparre perse, mutui negati, straordinarie condominiali scoperte al rogito, difformità che bloccano volture. I dati su credito dalla Banca d'Italia confermano selettività bancaria: preparazione non è;acquisto;Dieci errori da evitare nell'acquisto casa a Padova 2026;https://righettoimmobiliare.it/blog-dieci-errori-acquisto-casa-padova-2026;
Cos'e' la Normativa Europea sull'Efficienza Energetica e Perche' Riguarda Tutti?;;L'Energy Performance of Buildings Directive (EPBD), nella sua quarta versione, e' il pilastro europeo per la decarbonizzazione dell'edilizia. Parte integrante del pacchetto Fit for 55 del Green Deal europeo, fissa l'obiettivo ambizioso di portare l'intero parco edilizio dell'Unione Europea a emissioni zero entro il;territorio;Direttiva Case Green: Cosa Cambia a Padova e Limena;https://righettoimmobiliare.it/blog-direttiva-case-green-limena-padova;
Le Scadenze Ufficiali: Un Calendario da Non Perdere?;;La normativa europea sull'efficienza energetica non e' una disposizione astratta: prevede scadenze precise e vincolanti, con obblighi che si dispiegano da oggi fino al 2050. Ecco il calendario ufficiale aggiornato a marzo;territorio;Direttiva Case Green: Cosa Cambia a Padova e Limena;https://righettoimmobiliare.it/blog-direttiva-case-green-limena-padova;
Cosa Prevede Concretamente la Direttiva?;;Al di la' delle date, il regolamento UE sulle emissioni degli edifici introduce strumenti e obblighi concreti che toccano proprietari, acquirenti e operatori del settore. Vediamo i;territorio;Direttiva Case Green: Cosa Cambia a Padova e Limena;https://righettoimmobiliare.it/blog-direttiva-case-green-limena-padova;
Perché organizzare tutto prima del rogito?;;Il notaio ha il compito di verificare che l'atto possa essere stipulato in sicurezza. Per farlo ha bisogno di un insieme coerente di atti, certificati e dichiarazioni. Quando un pezzo manca, la firma slitta: a volte di pochi giorni, a volte di settimane se servono accertamenti tecnici o integrazioni;documenti;Documenti necessari per la compravendita di un immobile: guida…;https://righettoimmobiliare.it/blog-documenti-compravendita-rogito-padova-2026;
Come l'agenzia immobiliare supporta le parti?;;Un'agenzia strutturata non sostituisce notaio o tecnico, ma aiuta a coordinare tempi e checklist: sollecita il venditore su documenti mancanti, mette in contatto le parti con i professionisti giusti, verifica che mandato e preliminare siano coerenti con quanto promesso in annuncio. Nel Padovano, dove convivono immobili storici in centro, villette anni Settanta in cintura e nuove costruzioni in frazioni, ogni fascicolo ha priorità diverse: l'esperienza locale serve a non applicare la stessa lista meccanicamente a casi;documenti;Documenti necessari per la compravendita di un immobile: guida…;https://righettoimmobiliare.it/blog-documenti-compravendita-rogito-padova-2026;
Carte richieste per la compravendita nel 2026?;;Senza questa documentazione il notaio non puo' procedere al rogito. Sono le carte fondamentali che ogni venditore deve avere pronte prima di accettare una proposta d'acquisto. Vediamoli uno per;documenti;Documenti Vendita Casa 2026: Lista Completa;https://righettoimmobiliare.it/blog-documenti-vendita-casa;
Pratiche urbanistiche e conformita'?;;La conformita' urbanistica e catastale e' uno degli aspetti piu' critici di una compravendita. Se l'immobile presenta difformita' tra lo stato di fatto, la planimetria catastale e i titoli edilizi, la vendita puo' essere bloccata o, peggio, annullata anche dopo il;documenti;Documenti Vendita Casa 2026: Lista Completa;https://righettoimmobiliare.it/blog-documenti-vendita-casa;
Pratiche per la cessione in ambito condominiale?;;Se l'immobile si trova in un condominio, servono carte specifiche che l'acquirente e il notaio richiederanno prima del rogito. Ecco quali;documenti;Documenti Vendita Casa 2026: Lista Completa;https://righettoimmobiliare.it/blog-documenti-vendita-casa;
Cosa dice l'Osservatorio dell'Agenzia delle Entrate nel Q1 2026?;;"La sintesi pubblicata da Abitare Co sul Osservatorio del Mercato Immobiliare (ADE) — riprendendo il comunicato istituzionale — indica per il primo trimestre 2026: 179.654 transazioni abitative, in crescita del 4,4% rispetto al Q1 2025; locazioni in aumento dello 0,3%; prezzi residenziali medi intorno a 2.200 €/mq in vendita e 175 €/mq annui in locazione (+4,3% su base annua). Le nuove costruzioni segnano +14,6%. Sono dati nazionali aggregati: vanno incrociati con le fasce OMI per comune, non copiati come prezzo del singolo";territorio;Domanda residenziale supera offerta Q1 2026: Padova;https://righettoimmobiliare.it/blog-domanda-residenziale-supera-offerta-2026-padova;
Perché la domanda supera l'offerta nel 2026?;;Con transazioni in crescita e nuovo che accelera (+14,6%) ma ancora insufficiente rispetto al fabbisogno nelle aree servite, molti compratori competono sullo stock esistente ristrutturato. Nel Nord-Est la componente demografica (studenti, sanitari, pendolari verso Mestre e Vicenza) sostiene la domanda locativa anche quando i canoni crescono moderatamente (+0,3% nel dato ADE aggregato). L'offerta di annunci «medi» cala: restano quelli riposizionati con APE decente e prezzo;territorio;Domanda residenziale supera offerta Q1 2026: Padova;https://righettoimmobiliare.it/blog-domanda-residenziale-supera-offerta-2026-padova;
I numeri della crisi degli alloggi in Italia e nel Padovano?;;La crisi degli alloggi in Italia nel 2026 ha raggiunto dimensioni allarmanti. Secondo i dati del Ministero delle Infrastrutture e del Trasporto, ogni anno vengono eseguiti circa 40.000 sfratti sul territorio nazionale, di cui il 90% per morosita' incolpevole — cioe' famiglie che non riescono piu' a pagare l'affitto non per scelta ma per difficolta';territorio;Emergenza Casa Padova 2026: Dati, Cause e Possibili Soluzioni;https://righettoimmobiliare.it/blog-emergenza-abitativa-padova-2026;
Le cause strutturali del disagio abitativo nel Padovano?;;Il problema casa nel Padovano non e' un fenomeno congiunturale ma il risultato di cause strutturali che si accumulano da decenni. Comprendere queste cause e' essenziale per valutare le possibili;territorio;Emergenza Casa Padova 2026: Dati, Cause e Possibili Soluzioni;https://righettoimmobiliare.it/blog-emergenza-abitativa-padova-2026;
Studenti senza casa: il caso Padova?;;La questione degli alloggi studenteschi nel capoluogo euganeo e' il volto piu' visibile del problema casa. Ogni settembre, migliaia di studenti fuori sede cercano disperatamente un alloggio, spesso accontentandosi di soluzioni precarie, sovraffollate o a prezzi;territorio;Emergenza Casa Padova 2026: Dati, Cause e Possibili Soluzioni;https://righettoimmobiliare.it/blog-emergenza-abitativa-padova-2026;
Cosa decide (o orienta) il Parlamento europeo?;;Il Parlamento europeo, riunito a Strasburgo a maggio 2026, lavora su un compromesso che consente all'UE di procedere nell'implementazione dell'accordo commerciale con gli Stati Uniti discusso nel quadro Turnberry. Il ruolo parlamentare include controllo democratico, clausole di salvaguardia e limiti temporali: elementi che riducono (senza eliminare) l'incertezza per imprese;acquisto;Eurocamera e accordo dazi USA 2026: compromesso Strasburgo, sunset…;https://righettoimmobiliare.it/blog-eurocamera-accordo-dazi-usa-2026;
Perché sentire parlare di contributi e formazione nel 2026?;;"Enti di rappresentanza e sportelli territoriali comunicano spesso pacchetti di servizi al territorio: orientamento su bandi, formazione a costo contenuto, welfare. Filtrati per lo studente, i contenuti utili sono: esistono risorse pubbliche se si rientra nei requisiti; esistono percorsi formativi se si candidano entro scadenza; non sostituiscono la ricerca proattiva di casa. Righetto non administra bandi: aiuta quando serve stanza, contratto o zona sul mercato libero o per proprietari che locano a";territorio;Finanziamenti studenti Padova 2026: ESU e formazioneDove orientarsi (schema — verificare bandi vigen;https://righettoimmobiliare.it/blog-finanza-agevolata-formazione-studenti-padova-2026;
Come usare il glossario in visita a Padova?;;"Portate lista termini che non avete capito dall'annuncio: l'agente Righetto li spiega con documenti alla mano. A Limena e in cintura i termini sono gli stessi del catasto nazionale; cambiano prezzi OMI e tempi di spostamento verso il capoluogo. Per acquisto, affiancate glossario e guida visura catastale; per mutuo, servizio";documenti;Gergo immobiliare Padova spiegato 2026Gergo immobiliare: tre famiglie di terminiDal gergo alla prati;https://righettoimmobiliare.it/blog-gergo-immobiliare-padova-spiegato-2026;
Cosa include la gestione delegata: elenco operativo?;;Un servizio di gestione serio a Padova copre almeno queste aree — verificate sempre nel mandato scritto prima della;affitto;Gestione locazione delegata Padova 2026Gestione delegata — ciclo operativoDiretta vs delegata — cosa;https://righettoimmobiliare.it/blog-gestione-locazione-delegata-padova-2026;
Quando conviene la gestione delegata a Padova?;;La delega ha senso economico e operativo quando il costo opportunità del vostro tempo supera il compenso concordato con l'agenzia. Situazioni tipiche nel;affitto;Gestione locazione delegata Padova 2026Gestione delegata — ciclo operativoDiretta vs delegata — cosa;https://righettoimmobiliare.it/blog-gestione-locazione-delegata-padova-2026;
Quando ha senso restare in gestione diretta?;;Anche in gestione diretta restano obblighi non delegabili verso il Fisco: la scelta del regime (cedolare secca vs IRPEF) va fatta con commercialista. Righetto non sostituisce consulenza fiscale personalizzata — orienta su adempimenti locativi e;affitto;Gestione locazione delegata Padova 2026Gestione delegata — ciclo operativoDiretta vs delegata — cosa;https://righettoimmobiliare.it/blog-gestione-locazione-delegata-padova-2026;
Perché parlarne in chiave immobiliare?;;"Dopo l'acquisto a Padova o in cintura — da Limena a Albignasego — molte famiglie concentrano l'attenzione su mutuo e rogito, sottovalutando il costo annuo di possesso. Gestire spesa alimentare, energia e spazi non è solo abitudine domestica: incide su liquidità per lavori straordinari, su classe energetica percepita e su tempi di vendita futura. Guide generaliste sull'economia domestica offrono spunti utili; qui li traduciamo per chi ha un capitale immobilizzato in un appartamento o in una";fiscale;Gestione spese casa dopo l'acquisto a Padova 2026: energia, IMU…;https://righettoimmobiliare.it/blog-gestione-spese-casa-risparmio-padova-2026;
Quando il risparmio conviene investirlo in casa?;;Se il risparmio accumulato supera la soglia di emergenza familiare, valutare interventi con ROI difendibile: sostituzione infissi in appartamento classe G, adeguamento elettrico in immobili con impianto datato. Ogni scelta va incrociata con OMI e comparabili — non con trend lifestyle. Per mutuo e ristrutturazione, vedi bonus e;fiscale;Gestione spese casa dopo l'acquisto a Padova 2026: energia, IMU…;https://righettoimmobiliare.it/blog-gestione-spese-casa-risparmio-padova-2026;
Cosa trovate altrove sul blog?;;Storia territorio e acquisizioni: racconto portafoglio e vita d'agenzia. Come scegliere agenzia Limena: checklist per venditori/acquirenti. Questo articolo è la scheda istituzionale gruppo immobiliare Righetto;territorio;Gruppo Immobiliare Righetto Limena 2026;https://righettoimmobiliare.it/blog-gruppo-immobiliare-righetto-limena-2026;
Il problema: perche' la tua casa non si vende (e non e' colpa del prezzo)?;;La causa principale di una vendita lenta e' quasi sempre la presentazione dell'immobile. Nella nostra esperienza quotidiana come agenzia immobiliare nel capoluogo euganeo, vediamo proprietari convinti che il problema sia il prezzo o il mercato. In realta', nella maggior parte dei casi, il problema e' molto piu' semplice — e;vendita;Home Staging Padova: Vendere Casa Prima e Meglio;https://righettoimmobiliare.it/blog-home-staging-padova;
I numeri parlano chiaro: quanto costa NON preparare la casa?;;Un immobile presentato male costa al proprietario tra il 5% e il 10% del prezzo di vendita. Non e' un'opinione: sono dati confermati dai principali istituti di ricerca immobiliare italiani ed europei. Vediamo cosa succede concretamente su un immobile tipo nel;vendita;Home Staging Padova: Vendere Casa Prima e Meglio;https://righettoimmobiliare.it/blog-home-staging-padova;
I primi 30 secondi decidono tutto?;;L'acquirente forma la propria opinione sull'immobile nei primi 20-30 secondi della visita. Nei successivi 3 minuti decide se riesce a immaginarsi dentro. Nel resto della visita cerca semplicemente conferme — positive o negative — della prima;vendita;Home Staging Padova: Vendere Casa Prima e Meglio;https://righettoimmobiliare.it/blog-home-staging-padova;
La burocrazia: il muro invisibile tra voi e la vostra casa?;;Provate a immaginare. Una famiglia trova la casa dei propri sogni. L'entusiasmo e' alle stelle. Si stringe la mano, si parla di prezzo, si sogna il trasloco. E poi? Poi inizia la parte che nessuno racconta: la;mutui;Impegno Quotidiano di un'Agenzia: Burocrazia e Mutui;https://righettoimmobiliare.it/blog-impegno-quotidiano-agenzia-immobiliare;
L'incertezza dei mutui: il secondo grande ostacolo?;;Se la burocrazia e' il muro, l'incertezza dei mutui e' il terreno che frana sotto i piedi. E nel 2026, nonostante i tassi siano in discesa rispetto ai picchi del 2023-2024, la situazione resta;mutui;Impegno Quotidiano di un'Agenzia: Burocrazia e Mutui;https://righettoimmobiliare.it/blog-impegno-quotidiano-agenzia-immobiliare;
Cosa e' cambiato nell'accesso al credito?;;Il risultato? Famiglie che arrivano convinte di poter comprare e poi scoprono che la banca chiede piu' anticipo del previsto. Giovani coppie con contratti a tempo determinato che si vedono rifiutare il mutuo. Lavoratori autonomi che devono presentare tre anni di dichiarazioni dei redditi e sei mesi di estratti conto. L'incertezza logora, e spesso il nostro lavoro e' anche quello di sostenere emotivamente i clienti in un percorso che puo' diventare;mutui;Impegno Quotidiano di un'Agenzia: Burocrazia e Mutui;https://righettoimmobiliare.it/blog-impegno-quotidiano-agenzia-immobiliare;
Perche' il capoluogo euganeo e' ideale per puntare sul mattone?;;Padova unisce tutti i fattori che un investitore immobiliare cerca: domanda costante, economia stabile, prezzi ancora accessibili e prospettive di crescita. Non e' un caso che negli ultimi anni sempre piu' investitori stiano spostando l'attenzione da Milano e Roma verso citta' medie ad alto potenziale come;territorio;Investire in Immobili nel Padovano 2026: Guida Rendimenti;https://righettoimmobiliare.it/blog-investire-immobiliare-padova;
Tipologie di investimento immobiliare nel Padovano?;;Non esiste un unico modo di impiegare il capitale nel residenziale. Nel Padovano, le quattro strategie principali si adattano a profili di rischio, budget e obiettivi diversi. Vediamole nel;territorio;Investire in Immobili nel Padovano 2026: Guida Rendimenti;https://righettoimmobiliare.it/blog-investire-immobiliare-padova;
Rendimenti medi per zona nel capoluogo euganeo nel 2026?;;Il rendimento di un investimento immobiliare dipende in modo determinante dalla zona. Ecco una panoramica aggiornata dei rendimenti lordi medi per le principali zone della provincia, basata sulla nostra esperienza diretta e sui dati di mercato;territorio;Investire in Immobili nel Padovano 2026: Guida Rendimenti;https://righettoimmobiliare.it/blog-investire-immobiliare-padova;
Cosa conferma la manovra 2026?;;Detrazione 50% per abitazione principale e 36% negli altri casi ammessi, massimale 96.000 euro per unità sul bonus ristrutturazioni (scheda ADE). Dieci quote annuali di pari importo. Testo completo: GU Legge;fiscale;Legge 198/2025: bonus edilizi 2026 PadovaFiliera documentale (schema)Prima casa — confronto indicati;https://righettoimmobiliare.it/blog-legge-bilancio-198-2026-bonus-edilizi-padova;
Qualità della vita a Limena e nei comuni limitrofi?;;Limena offre servizi quotidiani, scuole e una posizione strategica per chi usa l'auto verso Padova, la tangenziale o le direttrici verso Vicenza e Bassano. Inoltre, il legame con il territorio padovano è storico: molti residenti lavorano nel capoluogo mantenendo radici nella comunità locale. Per approfondire i quartieri di Padova città, la mappa dei quartieri 2026 è un buon;acquisto;Limena e dintorni di Padova: perché comprare vicino al capoluogo…;https://righettoimmobiliare.it/blog-limena-vicino-padova-comprare-2026;
Spostamenti verso il centro di Padova?;;I tempi di percorrenza variano per ora e stagione universitaria. Chi compra dovrebbe testare il tragitto in fascia pendolare. Non esistono valori univoci nazionali: dipende dall'indirizzo preciso e dal mezzo. Incrociate sempre mappe aggiornate e, se usate mezzi pubblici, gli orari del trasporto urbano ed extraurbano sul sito del Comune e della Regione;acquisto;Limena e dintorni di Padova: perché comprare vicino al capoluogo…;https://righettoimmobiliare.it/blog-limena-vicino-padova-comprare-2026;
Prezzi: come usare l'OMI senza errori?;;L'Osservatorio del Mercato Immobiliare dell'Agenzia delle Entrate pubblica fasce min-max per zona OMI: sono utili per orientarsi, non per fissare il prezzo di una singola unità. Stato manutenzione, piano, classe energetica e pertinenze spostano il valore reale rispetto alla media. Per una stima operativa richiedete una valutazione;acquisto;Limena e dintorni di Padova: perché comprare vicino al capoluogo…;https://righettoimmobiliare.it/blog-limena-vicino-padova-comprare-2026;
Criteri del confronto: come abbiamo strutturato l'analisi?;;Un paragone serio tra due mercati immobiliari non puo' basarsi solo sulle quotazioni. Abbiamo selezionato sei dimensioni di valutazione, ciascuna con indicatori;acquisto;Limena o Centro Padova? Dove Comprare Casa nel 2026: Confronto Dati;https://righettoimmobiliare.it/blog-limena-vs-padova-centro-dove-comprare-2026;
Confronto prezzi: quotazioni al metro quadro e costo reale?;;La differenza di prezzo tra l'area suburbana e il nucleo monumentale e' significativa: in media il 65%. Ma il divario non racconta tutta la storia. A parita' di budget, le due zone offrono tipologie abitative completamente;acquisto;Limena o Centro Padova? Dove Comprare Casa nel 2026: Confronto Dati;https://righettoimmobiliare.it/blog-limena-vs-padova-centro-dove-comprare-2026;
Rendimenti da locazione: quale zona rende di piu'?;;Chi acquista per mettere a reddito deve ragionare su parametri diversi rispetto a chi cerca la residenza familiare. Il rendimento lordo annuo nel capoluogo euganeo supera quello della prima cintura, ma la gestione presenta complessita';affitto;Limena o Centro Padova? Dove Comprare Casa nel 2026: Confronto Dati;https://righettoimmobiliare.it/blog-limena-vs-padova-centro-dove-comprare-2026;
Perché il mercato chiede qualcosa di diverso dall'hotel?;;Il cliente alberghiero classico cerca servizi, reception e pasti in struttura. Chi resta da una settimana a diversi mesi — tecnico su cantiere, squadra manutentiva, consulente, studente ITS — cerca invece autonomia: prepararsi i pasti, gestire la routine, contenere le spese quotidiane. In molte convenzioni aziendali il rimborso giornaliero è contenuto e deve coprire tre pasti: colazione, pranzo e cena. Una formula solo alberghiera, con colazione in hotel e pranzo/cena fuori, consuma rapidamente il;territorio;Loft aziende Padova-Vicenza: cucina condivisa HR 2026;https://righettoimmobiliare.it/blog-loft-aziende-cucina-condivisa-padova-vicenza-2026;
Dove interviene la fascia Padova–Vicenza?;;L'area tra il tessuto produttivo padovano e i poli vicentini concentra trasferte legate a manifattura, logistica, cantieri, servizi e formazione professionale. Collegamenti sulla SS Padova–Vicenza e sulla rete autostradale rendono conveniente una base operativa fuori dal centro urbano, con parcheggio e accesso rapido verso più;territorio;Loft aziende Padova-Vicenza: cucina condivisa HR 2026;https://righettoimmobiliare.it/blog-loft-aziende-cucina-condivisa-padova-vicenza-2026;
Vicenza, zona universitaria e lavoratori: chi chiede il loft?;;A Vicenza convivono domanda di formazione professionale (ITS, tirocinanti), personale di stabilimento e tecnici in trasferta verso il distretto padovano. A Padova, il polo universitario e i centri formativi generano domanda di stanze per periodi intermedi — diversa dal turismo, simile per bisogno di continuità e costi;territorio;Loft aziende Padova-Vicenza: cucina condivisa HR 2026;https://righettoimmobiliare.it/blog-loft-aziende-cucina-condivisa-padova-vicenza-2026;
Che cos'è il mandato di vendita in esclusiva?;;"Risposta breve: Il mandato esclusivo è un contratto di mediazione (art. 1754 c.c.) con cui il venditore affida a un solo agente la ricerca dell'acquirente per un periodo definito. L'intermediario promuove l'immobile con strumenti dedicati; il proprietario mantiene il controllo su prezzo e condizioni di";vendita;Mandato esclusivo Padova 2026: Perché conviene davvero;https://righettoimmobiliare.it/blog-mandato-esclusivo-padova-perche-conviene-2026;
Mandato esclusivo e non esclusivo: cosa cambia nella pratica?;;"Risposta breve: Con l'esclusiva un solo agente coordina prezzo, annunci e visite; con il non esclusivo più intermediari possono promuovere lo stesso immobile, spesso con messaggi e importi diversi. Il risultato tipico del multi-agenzia è confusione per gli acquirenti e minore spinta marketing da parte di ciascun";territorio;Mandato esclusivo Padova 2026: Perché conviene davvero;https://righettoimmobiliare.it/blog-mandato-esclusivo-padova-perche-conviene-2026;
Cosa inserire nel contratto di mediazione prima di firmare?;;Risposta breve: Nel mandato devono comparire durata (tipicamente 3–6 mesi), assenza di rinnovo automatico senza consenso, piano marketing allegato o descritto, modalità di report visite, compenso da concordare in sede con IVA e scadenze, clausole di recesso. Leggete tutto prima di firmare: il contratto di mediazione produce effetti;affitto;Mandato esclusivo Padova 2026: Perché conviene davvero;https://righettoimmobiliare.it/blog-mandato-esclusivo-padova-perche-conviene-2026;
Metodologia: come abbiamo raccolto i dati?;;Ogni dato presentato in questa analisi proviene da tre fonti complementari, incrociate per garantire affidabilita' e aderenza alla realta' del;territorio;Mercato Immobiliare Limena 2026: Guida OMI, Territorio e Valori;https://righettoimmobiliare.it/blog-mercato-immobiliare-limena-2026;
Quotazioni OMI ufficiali: cosa sono e come consultarle oggi?;;Per Limena conviene selezionare Provincia di Padova, Comune di Limena e il semestre di interesse nel servizio di consultazione sul portale delle Entrate. L'interfaccia e l'app mobile sono state aggiornate proprio con l'ultimo rilascio dati (marzo 2026), con migliorie alla geolocalizzazione e alla condivisione dei;territorio;Mercato Immobiliare Limena 2026: Guida OMI, Territorio e Valori;https://righettoimmobiliare.it/blog-mercato-immobiliare-limena-2026;
Novità urbanistiche e avvisi dal Comune di Limena?;;Chi compra o vende non puo' ignorare il quadro pianificatorio locale. Il Comune di Limena ha pubblicato atti relativi alla Variante n. 2 al Piano di Assetto del Territorio (P.A.T.), con procedura di adozione e fasi di deposito e osservazioni documentate negli avvisi istituzionali sul sito comunale (sezione novità e urbanistica). Per aggiornamenti ufficiali e contatti dell'Ufficio Tecnico si rimanda al portale comune.limena.pd.it e alla pagina dedicata al Piano di Assetto del;territorio;Mercato Immobiliare Limena 2026: Guida OMI, Territorio e Valori;https://righettoimmobiliare.it/blog-mercato-immobiliare-limena-2026;
Quanto sono cresciuti i prezzi delle case in città nel 2026 (+3-5% sul 2025)?;;I prezzi delle case nel capoluogo euganeo nel primo trimestre 2026 hanno registrato un incremento medio del 3-5% rispetto allo stesso periodo del 2025. L'aumento e' stato piu' marcato nel centro storico e nelle zone in riqualificazione, piu' contenuto nella prima cintura;territorio;Mercato Immobiliare Padova 2026: Prezzi, Tendenze e Previsioni;https://righettoimmobiliare.it/blog-mercato-immobiliare-padova-2026;
Domanda: chi compra casa nel capoluogo euganeo nel 2026?;;La domanda di immobili nel Padovano nel 2026 e' diversificata e sostenuta. Tre profili di acquirenti dominano il panorama delle;acquisto;Mercato Immobiliare Padova 2026: Prezzi, Tendenze e Previsioni;https://righettoimmobiliare.it/blog-mercato-immobiliare-padova-2026;
Il mercato nell'area monumentale: domanda, offerta e dinamiche?;;Il nucleo storico del capoluogo euganeo presenta caratteristiche uniche nel panorama immobiliare veneto. L'offerta e' strutturalmente limitata: il patrimonio edilizio e' in gran parte vincolato dalla Soprintendenza, non sono possibili nuove costruzioni e ogni intervento di ristrutturazione richiede autorizzazioni specifiche. Questa rigidita' dell'offerta, combinata con una domanda costantemente elevata, sostiene i valori nel;territorio;Immobili Centro Storico Padova 2026: Prezzi, Rendimenti e Analisi;https://righettoimmobiliare.it/blog-mercato-immobiliare-padova-centro-2026;
Quotazioni per micro-zona: la mappa dei valori?;;L'area dei porticati non e' un blocco omogeneo. Le quotazioni variano significativamente in base alla posizione, al prestigio della via e alla vicinanza ai punti di interesse principali. Ecco la fotografia aggiornata al primo trimestre;territorio;Immobili Centro Storico Padova 2026: Prezzi, Rendimenti e Analisi;https://righettoimmobiliare.it/blog-mercato-immobiliare-padova-centro-2026;
Perche' il mercato di un comune non capoluogo va letto con cautela?;;"In provincia, anche a distanza breve dal capoluogo euganeo, il mercato residenziale puo' rispondere a logiche proprie: stock di nuove costruzioni, vocazione turistica lungo il corso del Brenta, pendolarismo verso Padova o Vicenza, disponibilita' di servizi e scuole. Per questo motivo non esiste un ""prezzo giusto"" universale desumibile da un solo dato aggregato: servono confronti omogenei (tipologia, stato manutentivo, piano, esposizione, classe energetica) e verifica dell'andamento delle transazioni sulle fonti";territorio;Mercato immobiliare a Piazzola sul Brenta nel 2026: come leggere…;https://righettoimmobiliare.it/blog-mercato-immobiliare-piazzola-sul-brenta-2026;
Come si usa l'Osservatorio del Mercato Immobiliare (OMI) per il comune?;;L'OMI pubblica fascie minimo-massimo per zona omogenea e tipologia (es. abitazioni civili, ville, box). Il valore e' uno strumento di stima orientativa per il Fisco e un riferimento per analisi di mercato, ma non coincide automaticamente con il prezzo di una specifica unita'. Sul portale dell'Agenzia delle Entrate e' possibile selezionare il Comune di Piazzola sul Brenta (PD) e scaricare la scheda aggiornata all'ultimo semestre;territorio;Mercato immobiliare a Piazzola sul Brenta nel 2026: come leggere…;https://righettoimmobiliare.it/blog-mercato-immobiliare-piazzola-sul-brenta-2026;
Cosa guardare nella scheda OMI?;;Per un approfondimento sul metodo OMI nel capoluogo e nelle zone limitrofe, rimandiamo alla guida Quotazioni e locazioni: OMI e monitor ISTAT e al pezzo sul mercato di Limena, utile come termine di paragone;territorio;Mercato immobiliare a Piazzola sul Brenta nel 2026: come leggere…;https://righettoimmobiliare.it/blog-mercato-immobiliare-piazzola-sul-brenta-2026;
Quartiere Sacro Cuore: identità e riferimenti sul territorio?;;"Il toponimo richiama la parrocchia del Sacro Cuore di Gesù, presente nell'annuario della Diocesi di Padova nell'area pastorale che include Arcella-Torre. L'edificio di culto, con impianto tipico del dopoguerra, svolge un ruolo di aggregazione per il quartiere; le informazioni aggiornate su orari, iniziative e contatti sono reperibili attraverso i canali ufficiali della parrocchia e del Comune di Padova. Sul piano urbanistico, Sacro Cuore è percepito come quartiere principalmente residenziale, con edifici in linea, corti condivise e una dotazione commerciale di prossimità che include esercizi su Via Facciolati, Via dei Fulgeri e le direttrici verso";territorio;Mercato Immobiliare Sacro Cuore Padova 2026: Guida OMI Zona D6;https://righettoimmobiliare.it/blog-mercato-sacrocuore-padova-omi-2026;
Zona OMI D6: cosa significa in pratica?;;Le zone OMI non coincidono necessariamente con i confini amministrativi dei quartieri che usiamo nel linguaggio quotidiano. Per Padova, la zona D6 è descritta nelle schede di settore come area che ricomprende Torre, Pontevigodarzere e Sacro Cuore. Sul campo, questo implica che un indirizzo in Via Sacro Cuore o nelle vie limitrofe va localizzato con precisione su Geopoi per sapere con certezza in quale poligono cade e quali fascie min-max;territorio;Mercato Immobiliare Sacro Cuore Padova 2026: Guida OMI Zona D6;https://righettoimmobiliare.it/blog-mercato-sacrocuore-padova-omi-2026;
Fasce OMI per tipologia: sintesi zona D6 (Padova)?;;La tabella riassume gli intervalli pubblicati per la D6 così come ricompaiono nella scheda di sintesi collegata alla banca dati OMI. Ogni valore è espresso in euro al metro quadro per la vendita e in euro al metro quadro al mese per la locazione, secondo la;territorio;Mercato Immobiliare Sacro Cuore Padova 2026: Guida OMI Zona D6;https://righettoimmobiliare.it/blog-mercato-sacrocuore-padova-omi-2026;
Panoramica mutui 2026: cosa e' cambiato rispetto al 2024-2025?;;Il mercato dei finanziamenti ipotecari nel Padovano nel 2026 e' radicalmente migliorato rispetto al biennio 2023-2024. I tassi di interesse sono scesi di oltre 1,5 punti percentuali grazie alle politiche monetarie della BCE, che ha ridotto il tasso di riferimento in piu' tranche dal picco del 4,50% al 2,50% attuale. Questo ha avuto un impatto diretto sull'accessibilita' del credito per le famiglie del territorio;mutui;Mutui Casa nel Padovano 2026: Tassi Aggiornati e Migliori Offerte;https://righettoimmobiliare.it/blog-mutui-casa-padova-2026;
Tassi mutuo nel Padovano 2026: fisso, variabile e misto a confronto?;;I tassi dei finanziamenti ipotecari nel capoluogo euganeo a marzo 2026 si collocano ai livelli piu' bassi dal 2022. La rata costante parte dal 2,75% per i profili migliori, mentre il variabile scende fino al 2,30%. Ecco il quadro completo aggiornato ai dati di marzo 2026, elaborato su rilevazioni MutuiSupermarket e condizioni effettive degli istituti operanti nel territorio;mutui;Mutui Casa nel Padovano 2026: Tassi Aggiornati e Migliori Offerte;https://righettoimmobiliare.it/blog-mutui-casa-padova-2026;
Migliori offerte di credito per l'acquisto — marzo 2026?;;Le migliori offerte di prestito immobiliare nel Padovano a marzo 2026 partono da un TAN del 2,75% per la rata costante e del 2,30% per il variabile. La tabella seguente confronta le condizioni delle principali banche operanti nel territorio per un finanziamento di 152.000 euro (80% LTV su immobile da 190.000 euro), durata 25 anni, finalita' acquisto prima;mutui;Mutui Casa nel Padovano 2026: Tassi Aggiornati e Migliori Offerte;https://righettoimmobiliare.it/blog-mutui-casa-padova-2026;
Perché si parla di accesso al credito più prudente?;;Quando l'inflazione resta sopra i target di politica monetaria o quando i mercati obbligazionari oscillano, le banche rivalutano spread, requisiti patrimoniali interni e tolleranza al rischio. Il cittadino percepisce un mutuo più selettivo perché crescono i controlli su anzianità lavorativa, continuità reddituale e capacità di assorbire un adeguamento della rata. Nel Veneto, economia manifatturiera ed export, molti nuclei familiari hanno redditi composti: la documentazione deve raccontare bene questa;mutui;Mutui più selettivi: come le banche valutano reddito e garanzie…;https://righettoimmobiliare.it/blog-mutui-selettivi-banche-padova-2026;
Come prepararsi lato immobile (spesso trascurato)?;;Una perizia bassa rispetto al prezzo concordato blocca l'operazione. Per questo, in fase di proposta, valutare realisticamente gap tra domanda di mercato e valutazione bancastandard è cruciale. Documenti catastali e urbanistici ordinati — tema affrontato nella guida planimetrie — accelerano verifiche e riducono rinegoziazioni;mutui;Mutui più selettivi: come le banche valutano reddito e garanzie…;https://righettoimmobiliare.it/blog-mutui-selettivi-banche-padova-2026;
Cosa monitora la Banca d'Italia sui mutui?;;La Banca d'Italia raccoglie informazioni dagli intermediari creditizi per descrivere l'evoluzione del mercato ipotecario: termini praticati, rigidita' o flessibilita' dell'offerta, risposte alla domanda delle famiglie. Non sostituisce il foglio che la singola banca consegna al cliente, ma offre un quadro di contesto. Inoltre le Statistiche sulla finanza delle famiglie (sempre sui canali BdI) aiutano a collocare il debito residuo e la struttura patrimoniale delle famiglie italiane. Per chi compra nel Veneto, questo quadro nazionale va incrociato con il prezzo richiesto sul mercato secondario o sul nuovo, che puo' essere stimato con le quotazioni OMI dell'Agenzia delle Entrate e con…;mutui;Mutui a tasso fisso nel Padovano: dati Banca d'Italia e…;https://righettoimmobiliare.it/blog-mutui-tasso-fisso-bancaitalia-padova-2026;
Sequenza consigliata: immobile prima o mutuo prima?;;In molti casi si procede con pre-approvazione o verifica preliminare della banca, poi ricerca dell'immobile, poi perizia sull'unita' scelta. Altri preferiscono individuare l'immobile e negoziare il prezzo con una clausola sospensiva legata al mutuo. Entrambe le strutture sono valide se ben redatte nel compromesso. In sede, allineiamo date, penali e condizioni sospensive per evitare che un ritardo in banca metta a rischio la;mutui;Mutui a tasso fisso nel Padovano: dati Banca d'Italia e…;https://righettoimmobiliare.it/blog-mutui-tasso-fisso-bancaitalia-padova-2026;
Sequenza consigliata tra offerta e preliminare?;;In linea generale conviene: verifica preliminare dell'immobile (conformità, gravami), pre-approvazione o simulazione seria con la banca, proposta d'acquisto condizionata al mutuo se necessario, poi compromesso con clausole chiare su termini e penali. Ogni caso ha specificità: su immobili con storicità edilizia o interventi non dichiarati, anticipare i controlli evita sorprese in;mutui;Mutuo prima casa a Padova: documenti, tempi e sequenza dal…;https://righettoimmobiliare.it/blog-mutuo-documenti-tempi-prima-casa-padova-2026;
Documentazione verso l'istituto di credito?;;Le banche valutano merito creditizio e collaterale (immobile). Reddito stabile, rapporto rata/reddito e loan-to-value sono i pilastri. Per l'immobile servono tipicamente dati catastali, proposta di acquisto, atto di provenienza in visione e, dopo il perito, il suo elaborato. Non esiste un elenco unico nazionale: usate il kit richiesto dal vostro gestore e incrociatelo con la checklist documenti vendita lato;mutui;Mutuo prima casa a Padova: documenti, tempi e sequenza dal…;https://righettoimmobiliare.it/blog-mutuo-documenti-tempi-prima-casa-padova-2026;
Notaio: quando entra e perché i tempi si allungano?;;Il notaio redige il rogito e verifica la legittimazione delle parti e dei titoli. Se mancano aggiornamenti catastali o certificazioni urbanistiche, la pratica si ferma fino al recupero documenti. Per questo, in media territoriale, i tempi dalla vendita all'atto dipendono tanto dalla completezza della cartella quanto dalla fila in studio;mutui;Mutuo prima casa a Padova: documenti, tempi e sequenza dal…;https://righettoimmobiliare.it/blog-mutuo-documenti-tempi-prima-casa-padova-2026;
Come funzionano i tassi: IRS vs Euribor?;;Il tasso di interesse del mutuo e' composto da due elementi: un parametro di riferimento (IRS o Euribor) e lo spread della banca. Comprendere questi meccanismi e' fondamentale per scegliere consapevolmente tra fisso e variabile. Ogni tipo di tasso reagisce a dinamiche di mercato diverse e ha implicazioni profondamente differenti sulla rata nel;mutui;Mutuo Tasso Fisso o Variabile nel 2026? Guida alla Scelta nel Padovano;https://righettoimmobiliare.it/blog-mutuo-fisso-variabile-padova-2026;
Situazione tassi a marzo 2026: uno spread storico ridotto?;;"A marzo 2026 la differenza tra interesse bloccato e rata indicizzata per i mutui casa nel capoluogo euganeo e' di soli 0,5 punti percentuali. Questo dato e' eccezionale dal punto di vista storico: negli ultimi 20 anni la differenza media e' stata di 1,2-1,5 punti. Questo ""spread ridotto"" e' il risultato della politica monetaria BCE che ha portato i tassi a breve termine (Euribor) vicini ai tassi a lungo termine";mutui;Mutuo Tasso Fisso o Variabile nel 2026? Guida alla Scelta nel Padovano;https://righettoimmobiliare.it/blog-mutuo-fisso-variabile-padova-2026;
Simulazione rata: trilocale nel Padovano — interesse bloccato vs indicizzato?;;Per rendere concreto il confronto, simuliamo la rata del mutuo per l'acquisto di un trilocale di 95 mq in semicentro nel capoluogo euganeo, del valore di 200.000 euro. Mutuo all'80% LTV (160.000 euro). Ecco il confronto tra fisso e variabile per durate di 20, 25 e 30;mutui;Mutuo Tasso Fisso o Variabile nel 2026? Guida alla Scelta nel Padovano;https://righettoimmobiliare.it/blog-mutuo-fisso-variabile-padova-2026;
Tassi del finanziamento per la prima abitazione nel 2026: aggiornamento marzo?;;I tassi del finanziamento per la prima abitazione nel marzo 2026 sono in fase di stabilizzazione dopo i rialzi del 2023-2024. La BCE ha avviato un ciclo di riduzioni graduali dei tassi di riferimento a partire da giugno 2024, e gli effetti si riflettono ora sulle offerte delle banche operanti nel capoluogo;mutui;Mutuo Prima Casa Padova 2026: Guida Completa, Tassi e Requisiti;https://righettoimmobiliare.it/blog-mutuo-prima-casa-padova;
Meglio tasso fisso o variabile per il finanziamento della prima abitazione nel 2026?;;La scelta tra tasso fisso e variabile e' la decisione piu' importante quando si richiede un mutuo. Nel 2026 la situazione e' la seguente: il tasso fisso offre sicurezza con una rata costante per tutta la durata, mentre il tasso variabile parte piu' basso ma espone al rischio di rialzi;mutui;Mutuo Prima Casa Padova 2026: Guida Completa, Tassi e Requisiti;https://righettoimmobiliare.it/blog-mutuo-prima-casa-padova;
Quali requisiti servono per ottenere un prestito ipotecario nel Padovano?;;I requisiti per ottenere un prestito ipotecario per l'abitazione principale sono standard su tutto il territorio nazionale, ma le banche padovane applicano criteri di valutazione che e' importante conoscere. La regola fondamentale e': la rata del mutuo non deve superare il 30-35% del reddito netto mensile del nucleo;mutui;Mutuo Prima Casa Padova 2026: Guida Completa, Tassi e Requisiti;https://righettoimmobiliare.it/blog-mutuo-prima-casa-padova;
Perché questo articolo è diverso dagli altri sul mutuo?;;Sul sito Righetto esistono già tre pezzi verticali: CONSAP e requisiti under 36, confronto fisso vs variabile con simulazioni, Euribor e mutui a Padova. Qui uniamo i tre fili in un percorso decisionale per chi deve scegliere nel;mutui;Mutuo under 36: tassi in aumento, fisso o variabile 2027Fisso vs variabile — schema decisionale unde;https://righettoimmobiliare.it/blog-mutuo-under-36-tassi-fisso-variabile-2027;
Chi rientra nel perimetro under 36?;;Per la garanzia CONSAP e per molte misure «giovani», la soglia è aver compiuto 36 anni alla data del rogito o del contratto preliminare — verificare sempre il testo normativo aggiornato e la circolare CONSAP. Requisiti tipici: prima casa, residenza in Italia, ISEE entro le soglie previste, assenza di altre proprietà abitative in quota;mutui;Mutuo under 36: tassi in aumento, fisso o variabile 2027Fisso vs variabile — schema decisionale unde;https://righettoimmobiliare.it/blog-mutuo-under-36-tassi-fisso-variabile-2027;
Perché i tassi pesano di più sugli under 36?;;Quattro motivi ricorrenti in agenzia, allineati ai dati macro della Banca d'Italia sul credito alle;mutui;Mutuo under 36: tassi in aumento, fisso o variabile 2027Fisso vs variabile — schema decisionale unde;https://righettoimmobiliare.it/blog-mutuo-under-36-tassi-fisso-variabile-2027;
Perché il nuovo cresce più del mercato totale?;;Nel Q1 2026 le compravendite totali in Italia crescono del 4,4%, ma il segmento nuove costruzioni registra +14,6% (Agenzia delle Entrate, comunicato 10 giugno 2026). Scarto significativo: gli acquirenti cercano impianti a norma, efficienza energetica certificata e minori sorprese rispetto all'usato da ristrutturare. Nel Veneto e nella cintura di Padova, cantieri residenziali a bassa densità attraggono famiglie da metrature e;territorio;Nuove costruzioni Veneto 2026: +14,6% e cintura PD;https://righettoimmobiliare.it/blog-nuove-costruzioni-mercato-veneto-2026-padova;
Perché parliamo di «scarsità di offerta»?;;Dopo anni in cui l'inventario residenziale era rimasto sostanzialmente stabile, il 2026 apre con un segnale diverso. Idealista evidenzia che 80 capoluoghi su 110 monitorati registrano calo dell'offerta residenziale. Il fenomeno non è uniforme: alcune piazze (es. Bologna con incremento significativo dello stock) restano più «liquide» per chi cerca scelta, mentre Sud e Centro concentrano molte città in territorio;vendita;Stock case in vendita Italia: -5% nel Q1 2026 | Guida Padova;https://righettoimmobiliare.it/blog-offerta-stock-vendita-italia-2026;
Cosa dice la tabella nazionale (estratto)?;;Di seguito una sintesi non esaustiva dei movimenti citati nelle ricostruzioni giornalistiche sui dati Idealista (maggio 2026). I valori sono variazioni tendenziali dello stock, non prezzi al metro;vendita;Stock case in vendita Italia: -5% nel Q1 2026 | Guida Padova;https://righettoimmobiliare.it/blog-offerta-stock-vendita-italia-2026;
Quando conviene la consulenza gratuita?;;Se stai valutando se uscire ora sul mercato o attendere, se hai ricevuto offerte discordanti, o se stai confrontando più comuni della cintura, un primo incontro strutturato evita errori costosi. Righetto offre la consulenza immobiliare gratuita proprio per allineare aspettative e documenti prima di impegni formali. Non è una perizia bancaria né un parere legale: è orientamento professionale su strategia e;vendita;Stock case in vendita Italia: -5% nel Q1 2026 | Guida Padova;https://righettoimmobiliare.it/blog-offerta-stock-vendita-italia-2026;
Perché non copiare il «hype milanese»?;;Milano concentra BTR istituzionale e prezzi top di gamma. Padova provincia ha dinamica più modulata: famiglie in cintura, studenti in città, sanitari in zone servite. Policy nazionale (Piano Casa decreto 66) punta a stock aggiuntivo — effetti locali da monitorare su bandi e cantieri;territorio;Outlook Living Italia 2026: BTR, PBSA e Padova provincia;https://righettoimmobiliare.it/blog-outlook-living-italia-2026-padova;
Perché il «rifugio nel mattone» è una frase da decodificare?;;Nelle fasi di incertezza i media spesso ribadiscono che il comparto residenziale «regge». È vero solo entro limiti: regge rispetto a certe asset class liquide che oscillano giornalmente, ma non è immune a mutamenti dei tassi, a errori di prezzo richiesto o a immobili obsoleti energeticamente. Su scala europea, due metropoli possono mostrare andamenti opposti nello stesso anno: dipende da stock, redditi, regolazione e credito. Nel Padovano, dove operiamo da Limena su oltre cento comuni, vediamo quotidianamente che la liquidità reale si misura in mesi di vendita, visite qualificate e documentazione in;blog;Patrimonio casa e resilienza urbana: lezioni dal contesto globale…;https://righettoimmobiliare.it/blog-patrimonio-casa-resilienza-mercati-globali-2026;
Stai cercando casa a Padova o nei comuni della provincia?;;Raccontaci cosa stai cercando. Valutiamo insieme zona, caratteristiche e percorso di;acquisto;Comprare casa Padova: storia a fumetti in 4 episodi;https://righettoimmobiliare.it/blog-percorso-acquisto-casa-padova-fumetto-2026;
Che cos'e' la permuta immobiliare in sintesi?;;Due parti si scambiano proprieta' immobiliari con atti collegati: ciascuno cede e contestualmente acquista. Spesso si introduce una integrazione monetaria se i valori non coincidono. La complessita' sta nell'allineare tempistiche, mutui, liberazioni e;territorio;Permuta immobiliare nel Padovano: come funziona e quali cautele…;https://righettoimmobiliare.it/blog-permuta-immobiliare-padova-2026;
Quando puo' essere una soluzione conveniente?;;"Quando entrambe le parti hanno esigenza simultanea di dismissione e acquisto e trovano complementarita' tra immobili. In mercati con buona liquidita', puo' essere piu' semplice vendere e poi comprare; in contesti di incertezza sui tempi, la permuta puo' ridurre il rischio gap tra vendita e";territorio;Permuta immobiliare nel Padovano: come funziona e quali cautele…;https://righettoimmobiliare.it/blog-permuta-immobiliare-padova-2026;
Come si allineano le valutazioni dei due immobili?;;Si utilizzano OMI come controllo, comparabili reali e sopralluoghi. L'obiettivo e' definire due prezzi di riferimento coerenti con il mercato e negoziare l'integrazione. In assenza di numeri solidi, la trattativa si arena. Per il servizio:;territorio;Permuta immobiliare nel Padovano: come funziona e quali cautele…;https://righettoimmobiliare.it/blog-permuta-immobiliare-padova-2026;
Investitore: cambia qualcosa?;;"Fino all'attuazione, mercato libero resta regolato da contratti, OMI e fiscalità esistente. Nuovo +14,6% ADE in cintura non dipende dal Piano Casa. Monitoraggio normativo sì; decisioni immediate basate su numeri verificabili";territorio;Piano Casa DL 66/2026: impatto su Padova;https://righettoimmobiliare.it/blog-piano-casa-decreto-66-2026-padova;
Cos'e' la planimetria catastale e perche' conta in compravendita?;;La rappresentazione grafica dell'unita' immobiliare nel classamento catastale consente di verificare vani, superfici e destinazione. In sede di compravendita, incrociamo questa rappresentazione con lo stato reale dell'immobile e con gli atti urbanistici. Se emergono differenze non sanate, il notaio puo' dover sospendere il passaggio finche' non si ricostruisce la;documenti;Planimetria catastale e compravendita nel Padovano: controlli…;https://righettoimmobiliare.it/blog-planimetria-catastale-compravendita-padova-2026;
Che cos'e' una difformita' catastale e come si presenta?;;Sono situazioni in cui lo stato dei luoghi non coincide con quanto graficamente e descrittivamente risulta al Catasto: tramezzi spostati, vani ricavati, modifiche interne non dichiarate. La sanatoria puo' passare da accatastamento o da titoli edilizi, a seconda dei casi. I tempi e i costi dipendono dalla complessita' e dall'ufficio;documenti;Planimetria catastale e compravendita nel Padovano: controlli…;https://righettoimmobiliare.it/blog-planimetria-catastale-compravendita-padova-2026;
Qual e' il rapporto tra catasto e urbanistica?;;"Il Catasto descrive fini fiscali e grafici; l'urbanistica verifica i titoli edilizi e la conformita' dell'opera. Entrambe le linee devono essere coerenti per una compravendita serena. In presenza di interventi recenti, chiediamo sempre la documentazione completa prima di pubblicare";documenti;Planimetria catastale e compravendita nel Padovano: controlli…;https://righettoimmobiliare.it/blog-planimetria-catastale-compravendita-padova-2026;
Come sono costruiti i «tre scenari» tipici?;;Base, avverso, favorevole: ogni scenario fissa variabili macro e calcola implicazioni su domanda, prezzi nominali e volumi. Se il report non pubblica gli intervalli di confidenza o le fonti delle ipotesi, trattatelo come letteratura orientativa. Le agenzie immobiliari serie non sostituiscono gli economisti istituzionali: noi collegiamo questi quadri al prezzo richiesto e alla liquidità dell'immobile;blog;Previsioni immobiliari e scenari di conflitto: come usarle senza…;https://righettoimmobiliare.it/blog-previsioni-immobiliari-scenari-geopolitica-2026;
Panoramica prezzi case in provincia nel 2026: il quadro generale?;;Il valore medio degli immobili residenziali in citta' nel 2026 si attesta a circa 2.100 €/mq, posizionando il capoluogo euganeo nella fascia media del mercato immobiliare italiano (media nazionale: 2.167 €/mq, fonte OMI Agenzia delle Entrate). Rispetto alle grandi citta' del Nord — Milano (4.800 €/mq), Bologna (3.200 €/mq), Verona (2.400 €/mq) — il capoluogo patavino offre quotazioni piu' accessibili con una qualita' della vita tra le piu' alte;territorio;Prezzi Case Padova 2026 Zona per Zona: Mappa Completa e Previsioni;https://righettoimmobiliare.it/blog-prezzi-case-padova-zona-2026;
Centro storico e zona universitaria: le quotazioni piu' alte del capoluogo euganeo?;;Il centro storico e' la zona a piu' alto valore del mercato immobiliare padovano nel 2026. La combinazione di offerta scarsa, domanda costante e valore storico-culturale mantiene le quotazioni ai livelli piu' alti della citta', con una crescita sostenuta del +4% rispetto al;territorio;Prezzi Case Padova 2026 Zona per Zona: Mappa Completa e Previsioni;https://righettoimmobiliare.it/blog-prezzi-case-padova-zona-2026;
Semicentro: Arcella, Sacra Famiglia, Guizza — dove il mercato cresce di piu'?;;Le zone semicentrali offrono il miglior compromesso tra costi accessibili e vicinanza ai servizi. Nel 2026 sono le aree con la crescita piu' dinamica, trainate dalla riqualificazione urbana e dall'interesse di giovani coppie e;territorio;Prezzi Case Padova 2026 Zona per Zona: Mappa Completa e Previsioni;https://righettoimmobiliare.it/blog-prezzi-case-padova-zona-2026;
Cosa è cambiato nel 2025?;;"L'incontro FIAIP al Caffè Pedrocchi (13 aprile 2026) ha messo a sistema un anno di transizioni. Non è un crollo: è un riallineamento. In città aumentano gli immobili datati che restano in vetrina; in provincia crescono famiglie e coppie che cercano metrature e servizi (tram, scuole, connessioni) con budget più sostenibile rispetto al";territorio;Prezzi case Padova 2026: -4% in città, provincia traina | FIAIP;https://righettoimmobiliare.it/blog-prezzi-padova-provincia-fiaip-2026;
Perché la provincia «traina»?;;Franca Penner (FIAIP Monitora) sottolinea domanda più esigente: servono immobili ristrutturati, efficienti, ben posizionati. Le soluzioni da sistemare restano più a lungo sul mercato. Matteo Lion (presidente FIAIP) evidenzia che Albignasego e Cadoneghe sono ormai cintura urbana con €/mq in avvicinamento ad alcune aree centrali, soprattutto dove passa o passerà il;territorio;Prezzi case Padova 2026: -4% in città, provincia traina | FIAIP;https://righettoimmobiliare.it/blog-prezzi-padova-provincia-fiaip-2026;
Cosa cercano gli acquirenti oggi?;;Non è il mercato impulsivo del post-pandemia: è ragionato. In parallelo, lo stock nazionale in calo può restringere la scelta su annunci pronti anche nel;territorio;Prezzi case Padova 2026: -4% in città, provincia traina | FIAIP;https://righettoimmobiliare.it/blog-prezzi-padova-provincia-fiaip-2026;
Quali agevolazioni under 36 sono attive e quali scadute?;;Errore frequente nel 2026: citare il bonus fiscale prima casa under 36 come se fosse ancora disponibile. Secondo sintesi su Money.it e NotaiOnline, la misura è scaduta il 31 dicembre 2024. Pianificare l'acquisto contando su quella agevolazione è un rischio;mutui;Prima casa under 36 Padova 2026: CONSAPAgevolazioni attive vs scadute under 36Percorso mutuo prima c;https://righettoimmobiliare.it/blog-prima-casa-under-36-consap-padova-2026;
Come funziona la garanzia CONSAP per under 36?;;CONSAP interviene a garanzia del mutuo fino all'80% per giovani che non possiedono altre abitazioni ad uso abitativo in Italia e rispettano soglie ISEE. La banca valuta comunque merito creditizio, stabilità reddituale e perizia sull'immobile — la garanzia non sostituisce l'analisi del;mutui;Prima casa under 36 Padova 2026: CONSAPAgevolazioni attive vs scadute under 36Percorso mutuo prima c;https://righettoimmobiliare.it/blog-prima-casa-under-36-consap-padova-2026;
Centro Storico: prestigio, storia e investimento sicuro?;;Il Centro Storico del Padovano resta la zona a maggiore domanda e a piu' alto valore immobiliare della citta'. Da Piazza delle Erbe al Duomo, passando per le Riviere e il Portello, gli immobili qui si rivalutano costantemente grazie alla posizione unica, alla vicinanza all'universita' e alla qualita' architettonica degli;acquisto;Guida ai Quartieri del Padovano: Dove Comprare Casa nel 2026;https://righettoimmobiliare.it/blog-quartieri-padova-2026;
Arcella: il rione in piena riqualificazione?;;L'Arcella e' senza dubbio la zona residenziale con il maggiore potenziale di crescita nel 2026. Per anni considerata un'area popolare, oggi sta vivendo una profonda trasformazione grazie ai progetti di riqualificazione urbana, ai nuovi esercizi commerciali e all'arrivo di giovani coppie e investitori attratti dai prezzi ancora;acquisto;Guida ai Quartieri del Padovano: Dove Comprare Casa nel 2026;https://righettoimmobiliare.it/blog-quartieri-padova-2026;
Sacra Famiglia: la zona residenziale ideale per le famiglie?;;Come suggerisce il nome, Sacra Famiglia e' da sempre il comprensorio residenziale per eccellenza nel capoluogo euganeo. Ampi viali alberati, scuole di ogni ordine e grado, parchi giochi, supermercati e una rete di servizi completa lo rendono la scelta naturale per le famiglie con;acquisto;Guida ai Quartieri del Padovano: Dove Comprare Casa nel 2026;https://righettoimmobiliare.it/blog-quartieri-padova-2026;
Cosa fa concretamente un’agenzia specializzata in locazione?;;Righetto opera a Limena, Padova e in 101 comuni dal 2000: conosce il territorio, le abitudini di mercato e la differenza tra «affitto veloce» e «affitto;affitto;Registrazione locazione Padova: storia a fumetto;https://righettoimmobiliare.it/blog-registrazione-locazione-fumetto-proprietari-padova-2026;
Proprietario a Padova o in provincia?;;Parliamo del tuo contratto di locazione: documenti, registrazione e gestione con Righetto;affitto;Registrazione locazione Padova: storia a fumetto;https://righettoimmobiliare.it/blog-registrazione-locazione-fumetto-proprietari-padova-2026;
Perché il registro contratti non è opzionale?;;Ogni contratto di locazione abitativa va registrato entro 30 giorni dalla stipula. La ricevuta abilita detrazione IRPEF 19% del canore per l'inquilino (con requisiti) e certificazioni per residenza. Fonte: portale registro contratti;affitto;Registro contratti affitto Padova 2026Registro contratti affitto: tempistiche ADEContratti locazione;https://righettoimmobiliare.it/blog-registro-contratti-affitto-padova-2026;
Come confrontare studentato privato e locazione tradizionale?;;L'offerta di posti letto negli studentati privati ha modificato il mercato padovano. Un errore frequente è confrontare il canone di una stanza in appartamento con il prezzo «a notte» o «a posto letto» pubblicizzato da una residenza: spesso nello studentato sono incluse utenze, spese condominiali, internet e servizi (pulizie, portineria, attività). La relazione tecnico-commerciale deve quindi confrontare il costo complessivo sostenuto dallo studente, non il solo canone in;affitto;Relazione tecnico-commerciale affitto studenti Padova 2026;https://righettoimmobiliare.it/blog-relazione-tecnico-commerciale-affitto-studenti-padova-2026;
Cosa include l'analisi tecnica dell'immobile?;;Nell'appartamento tipo, l'unità di riferimento ha superficie tra 110 e 130 m² (fascia illustrativa, non misura di un immobile reale), al primo piano (solo a titolo di esempio), con ascensore e distribuzione interna particolarmente idonea alla locazione universitaria (ampio soggiorno, cucina separabile, più camere doppie potenziali, terrazzo, doppi servizi). La superficie e il piano sono dati strutturali di confronto: non garantiscono da soli il successo dell'investimento, ma orientano quante camere è ragionevole ottenere senza sacrificare;affitto;Relazione tecnico-commerciale affitto studenti Padova 2026;https://righettoimmobiliare.it/blog-relazione-tecnico-commerciale-affitto-studenti-padova-2026;
Come leggere le piante tipo per 4, 5 o 6 studenti?;;Le figure qui sotto sono schemi illustrativi (non planimetrie catastali né l'immobile reale del caso). Servono a capire come la stessa metratura può essere organizzata in modi diversi. In verde le zone comuni, in blu le camere, in grigio i;affitto;Relazione tecnico-commerciale affitto studenti Padova 2026;https://righettoimmobiliare.it/blog-relazione-tecnico-commerciale-affitto-studenti-padova-2026;
Cos'e' la redditivita' locativa e come si calcola?;;Il rendimento locativo e' l'indicatore fondamentale per valutare un investimento immobiliare destinato all'affitto. Esprime in percentuale quanto rende annualmente un immobile rispetto al suo prezzo di acquisto. Esistono due misure principali: la resa lorda e la resa;affitto;Quanto rende affittare a Padova 2026: calcolo quartieri;https://righettoimmobiliare.it/blog-rendimento-affitto-padova;
Redditivita' locativa per quartiere nel Padovano — 2026?;;La redditivita' locativa varia sensibilmente da zona a zona. Abbiamo incrociato prezzi di acquisto, canoni ottenibili e risultati su locazioni gestite Righetto (2024–2026), con obiettivo operativo dell'8% lordo su immobili ben posizionati. Ecco la mappa della resa per quartiere su bilocale tipo ~60;affitto;Quanto rende affittare a Padova 2026: calcolo quartieri;https://righettoimmobiliare.it/blog-rendimento-affitto-padova;
Il segmento studenti: la resa economica piu' alta?;;Affittare a studenti nel territorio patavino e' la strategia con il ritorno piu' elevato. L'Universita' della provincia, con i suoi 60.000 studenti iscritti, genera una domanda di alloggi costante e crescente che sostiene i canoni e riduce i periodi di sfitto al;affitto;Quanto rende affittare a Padova 2026: calcolo quartieri;https://righettoimmobiliare.it/blog-rendimento-affitto-padova;
Perché il bilocale domina le ricerche in locazione?;;"Canone contenuto rispetto al trilocale, sufficiente per due persone, spesso compatibile con budget studentesco «in coppia» o giovane professionista. A Padova, bilocali in Arcella, Ponte di Brenta o verso il tram restano tra i più cliccati quando il prezzo è in fascia. Proprietari con bilocale ristrutturato e APE medio-alto beneficiano di un bacino ampio; monolocali competono solo se posizione premium o prezzo";affitto;Ricerche online 2026: bilocale affitti, trilocale vendite Padova;https://righettoimmobiliare.it/blog-ricerche-online-tipologie-casa-2026-padova;
Chi siamo oggi: esperienza e cifre pubbliche?;;Siamo presenti sul mercato dal 2000, con una sede operativa in Via Roma a Limena e uno sguardo costante al capoluogo euganeo. Nel tempo abbiamo costruito un modello di servizio che unisce presenza fisica e strumenti digitali, perche' crediamo che la fiducia nasca anche dalla chiarezza dei passaggi e dalla disponibilita' a spiegare cosa succede dopo ogni visita. I numeri che utilizziamo nei canali ufficiali — e che ripetiamo qui in modo identico — sono: oltre 350 immobili gestiti, attivita' in 101 comuni, 98% di soddisfazione dei clienti secondo le nostre rilevazioni interne, 127 recensioni con valutazione media 4,9 su 5. Non sono slogan decorativi: sono il quadro che ci impegniamo a…;affitto;Righetto Immobiliare: bilancio 2025 e soluzioni affitto 2026 | Blog;https://righettoimmobiliare.it/blog-righetto-bilancio-2025-soluzioni-affitto-2026;
Cosa offriamo: dalla valutazione alla gestione?;;Oltre alla compravendita e alla locazione, Righetto cura valutazioni con riferimento ai dati ufficiali, gestione patrimoniale per proprietari assenti o impegnati, virtual tour immersivi e supporto alle pratiche di volture e utenze. Questa gamma completa ci permette di restare un unico referente lungo il ciclo di vita dell'immobile, senza delegare il cliente a una catena opaca di intermediari;affitto;Righetto Immobiliare: bilancio 2025 e soluzioni affitto 2026 | Blog;https://righettoimmobiliare.it/blog-righetto-bilancio-2025-soluzioni-affitto-2026;
Chi siamo: dal 2000 ad oggi in poche tappe?;;Righetto Immobiliare nasce nel 2000 a Limena, comune a pochi minuti da Padova, con un obiettivo chiaro: mediazione trasparente, conoscenza del territorio e relazione diretta con famiglie e investitori. In oltre venticinque anni abbiamo ampliato il portafoglio fino a coprire 101 comuni e oltre 350 immobili seguiti — vendita, locazione e consulenza — mantenendo la sede operativa in Via Roma;blog;Righetto Immobiliare dal 2000: storia, zone e ultime acquisizioni…;https://righettoimmobiliare.it/blog-righetto-storia-territorio-acquisizioni-2026;
Quali zone trattiamo? Mappa rapida del territorio?;;"La nostra operatività si articola su Padova città — microzone residenziali e universitarie — e sulla provincia, dove molte famiglie cercano equilibrio tra prezzo, verde e collegamenti. Di seguito le aree con pagina dedicata sul sito; per ogni zona trovi prezzi orientativi, pro/contro e FAQ";blog;Righetto Immobiliare dal 2000: storia, zone e ultime acquisizioni…;https://righettoimmobiliare.it/blog-righetto-storia-territorio-acquisizioni-2026;
Come lavoriamo ogni nuova acquisizione?;;Ogni incarico segue un percorso che abbiamo descritto in servizio vendita e percorso di vendita 2026: valutazione allineata al segmento, shooting fotografico e video ove utile, pubblicazione multicanale (sito, portali, social) e gestione trattativa con documenti in ordine. Il compenso di mediazione si concorda in sede nel mandato — non pubblichiamo listini online, in linea con la prassi;blog;Righetto Immobiliare dal 2000: storia, zone e ultime acquisizioni…;https://righettoimmobiliare.it/blog-righetto-storia-territorio-acquisizioni-2026;
Qual è il contesto degli affitti per lavoratori a Rubano e Limena nel 2026?;;La domanda locativa in questi due comuni non replica quella «da campus» del centro universitario padovano. Qui prevalgono dipendenti industriali, operatori della logistica, tecnici dell'edilizia e pendolari che accettano pochi minuti in auto per avere metrature più generose rispetto a Prato della Valle o al Sacro Cuore. Rubano e Limena si affacciano sullo stesso corridoio produttivo tra Padova nord, Vigodarzere, Cadoneghe e le direttrici verso Vicenza — un tessuto dove molte imprese assumono personale da fuori provincia e da fuori;affitto;Affitto Rubano e Limena per Lavoratori 2026: Guida Cintura Padova;https://righettoimmobiliare.it/blog-rubano-limena-affitto-lavoratori-2026;
Perché la cintura padovana attira chi lavora nell'industria e nell'edilizia?;;Oltre al canone, contano tempi di spostamento verso stabilimenti e cantieri, disponibilità di parcheggio per auto o furgone aziendale, vicinanza a supermercati aperti anche dopo il turno e percezione di sicurezza residenziale. Molti inquilini arrivano da passaparola di colleghi che lavorano nelle aree produttive tra Rubano, Limena, Vigodarzere e Mestrino. Un appartamento in affitto ben posizionato — con box o posto auto scoperto — esce dal mercato in poche settimane se APE, contratto e referenze sono in;affitto;Affitto Rubano e Limena per Lavoratori 2026: Guida Cintura Padova;https://righettoimmobiliare.it/blog-rubano-limena-affitto-lavoratori-2026;
Come si presenta Rubano per chi cerca affitto da lavoratore?;;Rubano (circa 16.000 abitanti) si colloca a ovest del capoluogo, a circa 7 km da Padova, lungo la SR516 e gli accessi al tangenziale. Il comune mescola nucleo storico intorno a piazze e chiese, frazioni come Sarmeola e Villaguattera, e aree residenziali sviluppate negli ultimi decenni vicino a zone produttive. Per chi lavora in stabilimenti tra Rubano, Vigodarzere e il polo logistico padovano, abitare qui riduce i tragitti mattutini rispetto a comuni più;affitto;Affitto Rubano e Limena per Lavoratori 2026: Guida Cintura Padova;https://righettoimmobiliare.it/blog-rubano-limena-affitto-lavoratori-2026;
Segnali utili e campanelli d'allarme?;;Segnali positivi: trasparenza su limiti dell'immobile, invito a far assistere un tecnico di fiducia, tempi di risposta regolari, contratto leggibile. Allarme: pressione per firme immediate, richieste di somme in contanti non documentate, assenza di planimetrie aggiornate, annunci con prezzi fuori mercato senza;territorio;Scegliere agenzia locale a Padova: Guida e Checklist 2026;https://righettoimmobiliare.it/blog-scegliere-agenzia-immobiliare-padova-2026;
Compenso di mediazione e contratto: cosa pattuire per iscritto?;;Il compenso va pattuito per iscritto nel contratto di mediazione, con chiarezza su IVA e su chi paga (venditore, acquirente o entrambi). Prima di firmare, confrontate più preventivi e verificate che gli obblighi dell'agenzia (inserzioni, visite, gestione offerte) siano descritti in modo;affitto;Scegliere agenzia locale a Padova: Guida e Checklist 2026;https://righettoimmobiliare.it/blog-scegliere-agenzia-immobiliare-padova-2026;
Perché ci raccomandiamo per Padova e hinterland?;;Sede a Limena, presenza costante su Padova e provincia, verifica documentale prima della pubblicazione e accompagnamento fino al notaio. Contattaci per un colloquio;territorio;Scegliere agenzia locale a Padova: Guida e Checklist 2026;https://righettoimmobiliare.it/blog-scegliere-agenzia-immobiliare-padova-2026;
Quali sono le migliori scuole a Padova per zona?;;Padova conta 22 asili nido comunali, oltre 50 scuole primarie e secondarie di primo grado, e alcuni dei licei piu' prestigiosi del Veneto. La nostra guida interattiva confronta l'offerta scolastica di ogni quartiere — dal Centro Storico (10/10) a Voltabarozzo (6/10) — con punteggi, nomi degli istituti e consigli per famiglie che cercano casa vicino alle scuole;territorio;Scuole e Istruzione a Padova per Zone;https://righettoimmobiliare.it/blog-scuole-istruzione-padova;
Come scegliere il quartiere giusto in base alle scuole?;;La scelta dipende dall'eta' dei figli e dal budget. Per asili e primarie, Guizza e Sacra Famiglia offrono istituti eccellenti in zone tranquille a prezzi accessibili. Per licei e universita', Centro Storico e Zona Universitaria sono imbattibili. Usa il nostro chat interattivo qui sotto per scoprire le scuole specifiche della zona che ti;territorio;Scuole e Istruzione a Padova per Zone;https://righettoimmobiliare.it/blog-scuole-istruzione-padova;
Quali zone di Padova hanno piu' servizi?;;Il Centro Storico guida la classifica con 9.5/10: oltre 50 supermercati, 12 farmacie, l'Ospedale Civile e 5 parchi urbani in meno di 800 metri. Seguono Prato della Valle (9/10) con il mercato settimanale piu' grande d'Italia, e la Zona Universitaria (8.5/10) con il Policlinico, il piu' grande del Veneto. Arcella offre il miglior rapporto qualita'/prezzo per servizi;territorio;Servizi e Infrastrutture a Padova per Zone;https://righettoimmobiliare.it/blog-servizi-infrastrutture-padova;
Come scegliere il quartiere in base ai servizi essenziali?;;Per famiglie con bambini, Guizza (Parco Iris da 50.000 mq, Ipercoop Le Brentelle) e Sacra Famiglia (Parco Europa) sono ideali. Per chi cerca servizi sanitari, la Zona Universitaria ha il Policlinico a 500 metri. Usa il nostro chat interattivo qui sotto per esplorare supermercati, farmacie, parchi e strutture sportive di ogni;territorio;Servizi e Infrastrutture a Padova per Zone;https://righettoimmobiliare.it/blog-servizi-infrastrutture-padova;
Cosa serve per una proposta d'acquisto (lato acquirente)?;;Quando finalmente arriva l'interessato giusto, serve chiudere senza attriti. Per la proposta d'acquisto di norma;documenti;«So tutto io»: staging, documenti, APE;https://righettoimmobiliare.it/blog-so-tutto-io-venditore-presuntuoso-padova-2026;
Perché l'agente immobiliare esperto ha (quasi) sempre ragione?;;"Non perché sia infallibile. Perché vede il mercato in tempo reale: quante visite, quali obiezioni, quali comparabili si sono tolti dall'annuncio, quali offerte sono cadute per planimetria. Il venditore vede la propria casa; l'agente vede il posizionamento della casa nel mercato. Sono due ottiche";documenti;«So tutto io»: staging, documenti, APE;https://righettoimmobiliare.it/blog-so-tutto-io-venditore-presuntuoso-padova-2026;
Perché pubblichiamo questa «verità scomoda» sui social?;;Non per umiliare nessuno. Perché ogni settimana qualcuno perde mesi di esposizione convinto di avere ragione contro dati, visite e assenza di offerte. Un post diretto su home staging, documenti e prezzo corretto raggiunge chi non leggerebbe mai una guida da 2.500 parole — ma ha bisogno di sentirsi dire, senza filtri, che la muffa in foto si vede, che l'APE mancante ferma il compratore, che il prezzo gonfiato non genera;documenti;«So tutto io»: staging, documenti, APE;https://righettoimmobiliare.it/blog-so-tutto-io-venditore-presuntuoso-padova-2026;
Cosa misura il sondaggio abitativo?;;La Banca d'Italia pubblica periodicamente un sondaggio sul mercato delle abitazioni che interroga banche, costruttori, agenzie immobiliari e famiglie. Il questionario del primo trimestre 2026, diffuso con comunicato stampa a maggio 2026, offre una fotografia aggregata su credito, transazioni e aspettative. È un termometro nazionale: va incrociato con OMI, osservatori locali e comparabili reali prima di fissare prezzo o;mutui;Sondaggio abitativo Banca d'Italia Q1 2026: LTV 77,2% e mutuo al…;https://righettoimmobiliare.it/blog-sondaggio-bancaditalia-q1-2026-padova;
Sconto medio 7,3%: trattativa o debolezza?;;Lo sconto medio non è una regola automatica: indica che molte trattative partono da prezzi richiesti superiori al valore percepito dal mercato. In pratica, un venditore che posiziona l'immobile +10% sopra i comparabili reali spesso converge verso quella forbice. Meglio uscire credibili e negoziare su dettagli (mobili, data rogito) piuttosto che subire un taglio tardivo quando l'acquirente ha alternative limitate ma budget;mutui;Sondaggio abitativo Banca d'Italia Q1 2026: LTV 77,2% e mutuo al…;https://righettoimmobiliare.it/blog-sondaggio-bancaditalia-q1-2026-padova;
Quando serve anche una perizia tecnica?;;La documentazione drone è particolarmente efficace nelle fasi iniziali: scelta dell'immobile, preparazione annuncio, prima valutazione di copertura, aggiornamento cantiere, briefing con tecnici. Diventa insufficiente quando serve un giudizio tecnico vincolante: mutuo con perizia bancaria, compravendita con clausole sospensive su conformità, divisioni ereditarie, contenziosi, assicurazioni dopo;territorio;Sopralluoghi Drone Padova 2026;https://righettoimmobiliare.it/blog-sopralluoghi-drone-padova-2026;
Cosa sono le spese condominiali e perché contano in acquisto?;;Acquistare un appartamento in condominio significa entrare in un organismo con parti comuni (scale, facciate, ascensori, impianti centralizzati) con costi ripartiti tra i condomini. Le spese mensili o trimestrali incidono sul costo totale dell'abitazione — spesso quanto o più della differenza di prezzo tra due annunci;documenti;Spese condominiali acquisto Padova 2026Condominio: millesimi e ripartizione (schema art. 1123 c.c.)D;https://righettoimmobiliare.it/blog-spese-condominiali-acquisto-padova-2026;
I numeri dello squilibrio: richiesta vs disponibilita' nel Padovano?;;Il divario tra richiesta e disponibilita' nel mercato delle locazioni a Padova nel 2026 e' il piu' marcato degli ultimi quindici anni. I dati parlano chiaro: a fronte di circa 350-400 immobili disponibili in affitto in ogni momento nel capoluogo euganeo, la domanda attiva supera le 8.000 persone in cerca di;affitto;Affitti Padova: Perché la Domanda Supera l'Offerta nel 2026;https://righettoimmobiliare.it/blog-squilibrio-domanda-offerta-affitti-padova;
Causa 1: il crollo dei permessi edilizi — -70% in vent'anni?;;La prima e piu' profonda causa dello squilibrio e' il crollo dell'attivita' edilizia residenziale in Italia. Secondo i dati ISTAT, i permessi edilizi per nuove abitazioni sono passati da circa 189.000 nel 2005 a circa 55.000 nel 2024, con un calo del 70% in vent'anni. La provincia patavina ha seguito lo stesso trend;affitto;Affitti Padova: Perché la Domanda Supera l'Offerta nel 2026;https://righettoimmobiliare.it/blog-squilibrio-domanda-offerta-affitti-padova;
Causa 2: 60.000 studenti, 2.500 posti letto pubblici?;;L'Universita' di Padova e' il motore principale della richiesta di soluzioni abitative in citta'. Con oltre 60.000 studenti iscritti nel 2026, di cui circa il 65% proveniente da fuori provincia (circa 39.000 studenti fuori sede), la pressione sulla disponibilita' di alloggi e' enorme e;affitto;Affitti Padova: Perché la Domanda Supera l'Offerta nel 2026;https://righettoimmobiliare.it/blog-squilibrio-domanda-offerta-affitti-padova;
Room, bed space or entire flat?;;Single room in shared flat: lower cost, shared utilities, need written house rules. Whole bilocale: for couples or two students splitting rent. Transitory contract: only with qualifying temporary reason (Erasmus, internship) — see EN contract guide. Registration with Agenzia delle Entrate is mandatory for all standard;blog;Student rentals Padua 2026: zones, contracts, tips;https://righettoimmobiliare.it/blog-student-rentals-padova-guide-2026;
Perché servono nuovi posti letto in Veneto?;;"Padova, Venezia e Vicenza condividono crescita di iscritti universitari e limiti dello stock abitativo storico. Senza nuove camere in studentato, il mercato libero assorbe la domanda con canoni in salita — tema trattato in affitti Padova canoni 2026 e nelle rilevazioni Immobiliare.it Insights. La Regione Veneto coordina investimenti e convenzioni con atenei ed enti territoriali; l'ESU Padova resta riferimento per posti pubblici e graduatorie";territorio;Studentati Veneto 2026: nuovi posti letto Padova Vicenza Venezia |…Canali posti letto universitari V;https://righettoimmobiliare.it/blog-studentati-veneto-2026-posti-letto;
Come orientarsi tra graduatoria, residenza privata e mercato libero?;;"Righetto affianca famiglie e proprietari nel servizio locazioni; mediazione da concordare in sede, senza listini percentuali online. Supporto documentale su richiesta informativa preliminare, senza";territorio;Studentati Veneto 2026: nuovi posti letto Padova Vicenza Venezia |…Canali posti letto universitari V;https://righettoimmobiliare.it/blog-studentati-veneto-2026-posti-letto;
Qualità gestione vs stock informale?;;Appartamenti non adeguati a norme antincendio convivenza restano sul mercato parallelo: bandi PNRR e ESU spingono qualità minima. Proprietario libero deve competere su sicurezza, fibra, efficientamento — non solo;territorio;Studentati Veneto 2026: nuovi posti letto Padova Vicenza Venezia |…Canali posti letto universitari V;https://righettoimmobiliare.it/blog-studentati-veneto-2026-posti-letto;
Apertura della successione: i primi passi?;;La successione si apre automaticamente al momento del decesso. Da quel momento decorrono i termini per gli adempimenti obbligatori. Il primo e piu' importante e' la dichiarazione di successione, da presentare all'Agenzia delle Entrate entro 12 mesi dalla data del;vendita;Casa Ereditata Padova: Successione e Vendita;https://righettoimmobiliare.it/blog-successione-immobiliare-padova;
Cosa contiene la dichiarazione di successione?;;Dal 2019 la dichiarazione si presenta esclusivamente in via telematica tramite il modello disponibile sul sito dell'Agenzia delle Entrate. E' possibile affidarsi a un professionista abilitato — commercialista, CAF o notaio — per la compilazione e;vendita;Casa Ereditata Padova: Successione e Vendita;https://righettoimmobiliare.it/blog-successione-immobiliare-padova;
Imposte di successione: quanto si paga?;;Le imposte di successione in Italia dipendono dal grado di parentela tra il defunto e l'erede e dal valore complessivo dell'eredita'. Per gli immobili, il valore su cui si calcolano le imposte e' il valore catastale (rendita catastale rivalutata del 5% e moltiplicata per il coefficiente catastale), non il valore di;vendita;Casa Ereditata Padova: Successione e Vendita;https://righettoimmobiliare.it/blog-successione-immobiliare-padova;
Cos'e' la portabilita' del mutuo e come funziona?;;La surroga (o portabilita') del mutuo e' il trasferimento del proprio finanziamento da una banca a un'altra per ottenere condizioni migliori, senza alcun costo per il mutuatario. E' un diritto garantito dalla Legge Bersani (L. 40/2007) e successive modifiche, e la banca originaria non puo' in alcun modo opporsi ne' applicare;mutui;Surroga Mutuo 2026: Quando Conviene e Come Risparmiare a Padova;https://righettoimmobiliare.it/blog-surroga-mutuo-padova-2026;
Quando conviene trasferire il mutuo nel 2026?;;La portabilita' del finanziamento nel 2026 conviene in modo significativo per chi ha stipulato il mutuo nel periodo di tassi elevati, cioe' tra la seconda meta' del 2022 e tutto il 2024. In quel periodo i tassi fissi hanno superato il 4% e i variabili hanno toccato punte del 5%, rendendo le rate mensili molto pesanti per le famiglie;mutui;Surroga Mutuo 2026: Quando Conviene e Come Risparmiare a Padova;https://righettoimmobiliare.it/blog-surroga-mutuo-padova-2026;
Calcolo del risparmio: esempi concreti per il Padovano?;;Il risparmio della portabilita' del finanziamento dipende da tre variabili fondamentali: il debito residuo, la differenza di tasso e la durata residua del mutuo. Maggiore e' il debito e piu' ampia la differenza di tasso, piu' consistente sara' il risparmio mensile e complessivo. Ecco tre scenari realistici per famiglie;mutui;Surroga Mutuo 2026: Quando Conviene e Come Risparmiare a Padova;https://righettoimmobiliare.it/blog-surroga-mutuo-padova-2026;
Plusvalenza immobiliare: cos'e' e quando si paga?;;La plusvalenza immobiliare e' la differenza positiva tra il prezzo di vendita e il prezzo di acquisto di un immobile. In parole semplici: se hai comprato casa a 150.000 € e la rivendi a 200.000 €, hai realizzato una plusvalenza di 50.000 €. Su questo importo potresti dover pagare delle;fiscale;Tasse Vendita Casa 2026: Plusvalenza e Imposte;https://righettoimmobiliare.it/blog-tasse-vendita-casa;
Come calcolare la plusvalenza immobiliare?;;Il calcolo della plusvalenza non si limita alla semplice differenza tra prezzo di vendita e prezzo di acquisto. La legge consente di detrarre alcune spese documentate, riducendo l'importo;fiscale;Tasse Vendita Casa 2026: Plusvalenza e Imposte;https://righettoimmobiliare.it/blog-tasse-vendita-casa;
Come viene tassata la plusvalenza immobiliare?;;Il venditore puo' scegliere tra due modalita' di tassazione della plusvalenza, ciascuna con vantaggi e;fiscale;Tasse Vendita Casa 2026: Plusvalenza e Imposte;https://righettoimmobiliare.it/blog-tasse-vendita-casa;
Come leggere le medie ufficiali senza autoinganno?;;Le medie nazionali pubblicate da Banca d'Italia descrivono un mercato aggregato: utili per capire la fase del ciclo, inutili se scambiate per il TAEG del proprio contratto. Conviene separare nettamente policy rate (BCE), condizioni bancarie (spread commerciali, polizze, vincoli) e profilo del richiedente (stabilità reddituale, anticipo, garanzie). In assenza di questi tre livelli, ogni simulazione online resta un'ipotesi;mutui;Tassi mutui ai livelli più bassi della fase: come orientarsi nel…;https://righettoimmobiliare.it/blog-tassi-mutui-minimi-approfittarne-padova-2026;
Panoramica: periodo medio sul mercato per un immobile nel 2026?;;Nel primo trimestre 2026 il mercato immobiliare padovano conferma tempi di assorbimento in linea con il trend nazionale: 45-90 giorni di commercializzazione per immobili posizionati al giusto prezzo di mercato. Il dato include il tempo dalla pubblicazione dell'annuncio alla ricezione di una proposta d'acquisto;vendita;Tempi Vendita Casa Padova 2026: Quanto Ci Vuole Davvero?;https://righettoimmobiliare.it/blog-tempi-vendita-casa-padova;
Le 4 fasi della vendita: tempistiche dettagliate?;;Ogni compravendita nel territorio patavino attraversa 4 fasi distinte, ciascuna con tempistiche specifiche. Conoscerle vi aiuta a pianificare e a evitare;vendita;Tempi Vendita Casa Padova 2026: Quanto Ci Vuole Davvero?;https://righettoimmobiliare.it/blog-tempi-vendita-casa-padova;
Vuoi vendere in tempi rapidi?;;Richiedi una valutazione gratuita. Ti diciamo in quanto tempo puoi vendere il tuo immobile e a quale prezzo, con dati reali del mercato padovano. Conoscenza approfondita del territorio al tuo;vendita;Tempi Vendita Casa Padova 2026: Quanto Ci Vuole Davvero?;https://righettoimmobiliare.it/blog-tempi-vendita-casa-padova;
Quali zone di Padova sono meglio collegate?;;Il Centro Storico ha il punteggio massimo (10/10): 20+ linee bus, tram SIR1, 180 km di piste ciclabili e stazione FS a 800 metri. Le zone lungo la linea del tram — Arcella (8.5/10), Prato della Valle (9/10) e Guizza (7.5/10) — offrono collegamenti eccellenti. Il 30% degli spostamenti a Padova avviene in;territorio;Trasporti e Mobilita' a Padova per Zone;https://righettoimmobiliare.it/blog-trasporti-mobilita-padova;
Come scegliere il quartiere in base alla mobilita'?;;Per chi lavora in centro senza auto, Arcella (tram 12 min) e Zona Universitaria (5 min in bici) sono perfette. Per pendolari ferroviari, il Centro Storico e Arcella hanno la stazione piu' vicina. Per chi usa l'auto, Voltabarozzo e Forcellini offrono tangenziale a 3-5 minuti e parcheggio gratuito. Usa il chat qui sotto per esplorare i trasporti di ogni;territorio;Trasporti e Mobilita' a Padova per Zone;https://righettoimmobiliare.it/blog-trasporti-mobilita-padova;
Perché partire da una consulenza gratuita?;;Investire senza inquadrare obiettivo (reddito, plusvalenza, uso misto) porta a errori di zona o di prodotto. Righetto offre la prima consulenza immobiliare gratuita per definire perimetro, comparabili e priorità documentali — senza impegno di incarico. È lecito comunicarlo perché il valore successivo sta nella professionalità dell'incarico, non nel primo incontro a;territorio;Investimenti immobiliari 2026: trend da Real Estate Summit | Padova;https://righettoimmobiliare.it/blog-trend-investimenti-immobiliari-summit-2026;
Perché Grisignano apre la selezione?;;LP0285-V concentra ciò che molti acquirenti cercano nel 2026: metrature generose, scoperto privato e prezzo sotto la soglia psicologica dei €150.000 nel Padovano. È da ristrutturare — quindi richiede budget lavori esplicito — ma offre margine progettuale raro a questa cifra. Per confronto con il capoluogo, le guide zona e OMI restano il riferimento istituzionale prima di formulare;blog;Acquisizioni portale Righetto giugno 2026 | Case e commerciali;https://righettoimmobiliare.it/blog-ultime-acquisizioni-residenziali-padova-giugno-2026;
Perché valutare l'immobile prima di vendere (o affittare)?;;Decidere di vendere casa a Padova senza una stima attendibile espone a due rischi simmetrici: sovrastimare e restare mesi in vetrina, oppure sottostimare e cedere valore all'acquirente. La valutazione non è un optional marketing: è la base del listino, della trattativa e del tempo medio di;affitto;Valutazione immobile Padova 2026: quanto vale casaValutazione immobile Padova: metodo in 4 fasiValut;https://righettoimmobiliare.it/blog-valutazione-casa-padova-guida-2026;
Quando aggiornare la valutazione?;;"Rivalutate quando: esce nuovo semestre OMI; completate ristrutturazione rilevante; cambia domanda locale (nuova infrastruttura, offerta studenti); siete in vendita da mesi senza visite qualificate; valutate passaggio da affitto a vendita. Mercato 2026 nel Veneto resta selettivo — listini allineati convertono più visite in";territorio;Valutazione immobile Padova 2026: quanto vale casaValutazione immobile Padova: metodo in 4 fasiValut;https://righettoimmobiliare.it/blog-valutazione-casa-padova-guida-2026;
Perché vendere casa a Limena: contesto locale?;;Limena (circa 8 km da Padova centro) attira famiglie e pendolari che cercano metrature più ampie rispetto al centro storico, mantenendo collegamenti rapidi verso SR308, tangenziale e nodi verso Mestre. Non è un clone di Padova città: microzone OMI, domanda e tempi di vendita seguono dinamiche proprie della cintura;vendita;Vendere casa Limena 2026: guida proprietarioVendere a Limena: percorso operativo 2026Mandato vendita;https://righettoimmobiliare.it/blog-vendere-casa-limena-proprietario-2026;
Quando ha senso vendere: timing e mercato?;;Il «momento giusto» combina fattori personali (eredi, trasferimento, ristrutturazione altrove) e contesto di mercato. L'Osservatorio del mercato immobiliare ADE e ISTAT pubblicano trend aggregati Veneto — utili per orientamento macro, non per quotare il singolo appartamento in Via;vendita;Vendere casa Limena 2026: guida proprietarioVendere a Limena: percorso operativo 2026Mandato vendita;https://righettoimmobiliare.it/blog-vendere-casa-limena-proprietario-2026;
Come prepararsi alle visite a Limena?;;Le visite sono il momento in cui il prezzo si difende sul campo. Checklist pratica per il;vendita;Vendere casa Limena 2026: guida proprietarioVendere a Limena: percorso operativo 2026Mandato vendita;https://righettoimmobiliare.it/blog-vendere-casa-limena-proprietario-2026;
Quando ha senso vendere a Padova?;;La vendita libera capitale al rogito — utile se dovete acquistare altrove, estinguere debiti, ripartire eredità tra coeredi o reinvestire. In mercato 2026 nel Veneto la domanda seleziona immobili documentati e priced: listino allineato a OMI e comparabili converte più;affitto;Vendere o affittare Padova 2026: come decidereVendere o affittare? — schema decisionaleVendita vs lo;https://righettoimmobiliare.it/blog-vendere-o-affittare-padova-2026;
Quando ha senso affittare a Padova?;;La locazione genera canone ricorrente — adatta se non avete urgenza di liquidità, volete mantenere l'asset nel patrimonio o attendete condizioni di mercato migliori per vendere. Padova ha domanda affitti strutturata: università, ospedali, pendolari verso Mestre e;affitto;Vendere o affittare Padova 2026: come decidereVendere o affittare? — schema decisionaleVendita vs lo;https://righettoimmobiliare.it/blog-vendere-o-affittare-padova-2026;
Come decidere in pratica — passi consigliati?;;Prima di firmare mandato vendita o contratto locazione, incrociate sempre la valutazione scritta con il vostro commercialista: la scelta migliore nel 2026 resta quella documentata, non quella dettata da un titolo generico sui;affitto;Vendere o affittare Padova 2026: come decidereVendere o affittare? — schema decisionaleVendita vs lo;https://righettoimmobiliare.it/blog-vendere-o-affittare-padova-2026;
Perche il pricing con dati OMI e la base della vendita (strategia 1)?;;Il prezzo iniziale determina il successo o il fallimento di una compravendita nel territorio patavino nel 2026. Un immobile sovrapprezzato del 10-15% rispetto ai valori di mercato resta invenduto per 6-8 mesi, perde attrattivita' e alla fine viene venduto a un prezzo inferiore a quello che si sarebbe ottenuto con un posizionamento corretto fin;vendita;Vendere Casa a Padova 2026: 7 Strategie per il Prezzo Top;https://righettoimmobiliare.it/blog-vendita-immobiliare-padova-strategie-2026;
Come determinare il prezzo giusto per zona?;;Fonte: elaborazioni il team su dati OMI Agenzia delle Entrate, I trimestre;vendita;Vendere Casa a Padova 2026: 7 Strategie per il Prezzo Top;https://righettoimmobiliare.it/blog-vendita-immobiliare-padova-strategie-2026;
Come aiuta lo home staging professionale nel Padovano (strategia 2)?;;L'home staging e' una delle strategie piu' efficaci per concludere la compravendita nel capoluogo euganeo al miglior prezzo. Secondo l'Associazione Home Staging Italia, gli immobili preparati professionalmente si vendono nel 77% del tempo in meno rispetto a quelli non allestiti, con un prezzo finale mediamente superiore del;vendita;Vendere Casa a Padova 2026: 7 Strategie per il Prezzo Top;https://righettoimmobiliare.it/blog-vendita-immobiliare-padova-strategie-2026;
Perche' molte famiglie guardano a Vigonza e Rubano nel 2026?;;Il motivo piu' frequente e' il bilanciamento spazio-tempo: abitazioni con esterni, box doppio, tre camere e costi di gestione spesso inferiori a soluzioni equivalenti nel nucleo urbano piu' denso del capoluogo. In parallelo, la domanda resta sensibile ai tassi e alla qualita' dell'offerta: quando i tassi si stabilizzano, le famiglie tornano a progettare con orizzonte lungo. Per questo motivo conviene leggere il mercato con OMI e transazioni coerenti, non con slogan;acquisto;Vigonza e Rubano: guida all'acquisto nella cintura del capoluogo…;https://righettoimmobiliare.it/blog-vigonza-rubano-comprare-casa-cintura-2026;
Come usare le schede OMI per questi comuni?;;Per ciascun comune scaricate l'ultima scheda semestrale dall'Osservatorio del Mercato Immobiliare. Confrontate le microzone e le tipologie (civili, ville, box). Ricordate che la fascia e' un intervallo: la posizione del vostro immobile dipende da stato manutentivo, classe energetica, piano, doppi servizi, giardino, rumore;acquisto;Vigonza e Rubano: guida all'acquisto nella cintura del capoluogo…;https://righettoimmobiliare.it/blog-vigonza-rubano-comprare-casa-cintura-2026;
Qual e' il ruolo di mobilita' e servizi nella scelta?;;Le famiglie valutano tempi porta-porta, non solo distanza in linea d'aria. Contano parcheggi alla stazione, ciclabili, frequenze dei mezzi, presenza di scuole e pediatri. Per questo un sopralluogo serio include due orari diversi (mattina e pomeriggio) e verifica dei collegamenti reali verso il posto di;acquisto;Vigonza e Rubano: guida all'acquisto nella cintura del capoluogo…;https://righettoimmobiliare.it/blog-vigonza-rubano-comprare-casa-cintura-2026;
Cosa contiene la visura catastale?;;La visura riporta identificativi catastali, categoria (A/2 abitazione signorile, A/3 economica…), consistenza (vani o mq), rendita catastale e intestatari. Richiesta online: visure e planimetrie ADE. Guida didattica: NotaiOnline visura;documenti;"Visura catastale acquisto casa PadovaVisura catastale: campi essenzialiVisura catastale nell&amp;#x2";https://righettoimmobiliare.it/blog-visura-catastale-acquisto-casa-padova-2026;
Dove si colloca la zona Imma a Limena?;;Limena è un comune della prima cintura nord-ovest di Padova, con circa 8.700 residenti e collegamenti rapidi verso il capoluogo via SR308 e rete bus. La zona Imma — nomenclatura usata localmente per un tratto residenziale tra il nucleo storico (Via Roma, servizi, scuole) e le direttrici verso Ponterotto e Taggì di Sotto — concentra villette, bifamiliari e piccoli condomini degli anni;territorio;Zona Imma Limena: pochi immobili, domanda alta 2027Squilibrio qualitativo — zona Imma / Limena (2026;https://righettoimmobiliare.it/blog-zona-imma-limena-domanda-offerta-2027;
Cosa dicono le fonti istituzionali (e cosa no)?;;L'OMI descrive fasce di prezzo per zona omogenea del comune, non per singola via della zona Imma. L'ISTAT pubblica indici temporali aggregati sulle abitazioni (istat.it) utili per capire se il mercato nazionale accelera o rallenta, non per fissare il prezzo del vostro trilocale. FIMAA e osservatori di settore segnalano nel Padovano domanda sostenuta sul residenziale — coerente con quanto vediamo in;territorio;Zona Imma Limena: pochi immobili, domanda alta 2027Squilibrio qualitativo — zona Imma / Limena (2026;https://righettoimmobiliare.it/blog-zona-imma-limena-domanda-offerta-2027;
